feature_set,history_window,feature,region,zero_history_mad,max_absolute_robust_residual
RELATIVE_A,5,capacity_retention_prior5_robust_residual,training,0,166.8293008862931
RELATIVE_A,5,capacity_retention_prior5_robust_residual,B0007,0,208.52486677802324
RELATIVE_A,5,capacity_slope_5_prior5_robust_residual,training,0,247.5327076490532
RELATIVE_A,5,capacity_slope_5_prior5_robust_residual,B0007,0,300.9220745558975
RELATIVE_A,5,duration_s_prior5_robust_residual,training,0,23.956409346859648
RELATIVE_A,5,duration_s_prior5_robust_residual,B0007,0,296.11231907255836
RELATIVE_A,5,time_to_3_4v_s_prior5_robust_residual,training,0,47.326468487895696
RELATIVE_A,5,time_to_3_4v_s_prior5_robust_residual,B0007,0,269.73288935209
RELATIVE_A,5,mean_voltage_v_prior5_robust_residual,training,0,45.62901348331701
RELATIVE_A,5,mean_voltage_v_prior5_robust_residual,B0007,0,25.458827577104625
RELATIVE_A,5,mean_temp_c_prior5_robust_residual,training,0,48.49193391507131
RELATIVE_A,5,mean_temp_c_prior5_robust_residual,B0007,0,38.495576203040386
RELATIVE_A,5,delta_temp_c_prior5_robust_residual,training,0,20.026597781591658
RELATIVE_A,5,delta_temp_c_prior5_robust_residual,B0007,0,20.779491098325174
RELATIVE_B,5,duration_s_prior5_robust_residual,training,0,36.38211510629021
RELATIVE_B,5,duration_s_prior5_robust_residual,B0007,0,296.11231907255836
RELATIVE_B,5,time_to_3_4v_s_prior5_robust_residual,training,0,47.326468487895696
RELATIVE_B,5,time_to_3_4v_s_prior5_robust_residual,B0007,0,269.73288935209
RELATIVE_B,5,mean_voltage_v_prior5_robust_residual,training,0,45.62901348331701
RELATIVE_B,5,mean_voltage_v_prior5_robust_residual,B0007,0,25.458827577104625
RELATIVE_B,5,mean_current_a_prior5_robust_residual,training,0,63.85753292964024
RELATIVE_B,5,mean_current_a_prior5_robust_residual,B0007,0,1139.9277082843953
RELATIVE_B,5,mean_temp_c_prior5_robust_residual,training,0,48.49193391507131
RELATIVE_B,5,mean_temp_c_prior5_robust_residual,B0007,0,38.495576203040386
RELATIVE_B,5,max_temp_c_prior5_robust_residual,training,0,31.610215766115093
RELATIVE_B,5,max_temp_c_prior5_robust_residual,B0007,0,36.31112558311638
RELATIVE_B,5,delta_temp_c_prior5_robust_residual,training,0,20.026597781591658
RELATIVE_B,5,delta_temp_c_prior5_robust_residual,B0007,0,20.779491098325174
RELATIVE_A,10,capacity_retention_prior10_robust_residual,training,0,4.662308996253856
RELATIVE_A,10,capacity_retention_prior10_robust_residual,B0007,0,5.597437584693631
RELATIVE_A,10,capacity_slope_5_prior10_robust_residual,training,0,241.34530998368163
RELATIVE_A,10,capacity_slope_5_prior10_robust_residual,B0007,0,42.930547038227196
RELATIVE_A,10,duration_s_prior10_robust_residual,training,0,3.9212561514413724
RELATIVE_A,10,duration_s_prior10_robust_residual,B0007,0,7.507936382611413
RELATIVE_A,10,time_to_3_4v_s_prior10_robust_residual,training,0,9.113516744167613
RELATIVE_A,10,time_to_3_4v_s_prior10_robust_residual,B0007,0,6.179927658210549
RELATIVE_A,10,mean_voltage_v_prior10_robust_residual,training,0,5.6067959690131
RELATIVE_A,10,mean_voltage_v_prior10_robust_residual,B0007,0,6.1143967377257376
RELATIVE_A,10,mean_temp_c_prior10_robust_residual,training,0,9.459905261941872
RELATIVE_A,10,mean_temp_c_prior10_robust_residual,B0007,0,11.068198665262768
RELATIVE_A,10,delta_temp_c_prior10_robust_residual,training,0,9.715694784912223
RELATIVE_A,10,delta_temp_c_prior10_robust_residual,B0007,0,11.69987363448278
RELATIVE_B,10,duration_s_prior10_robust_residual,training,0,3.9212561514413724
RELATIVE_B,10,duration_s_prior10_robust_residual,B0007,0,7.507936382611413
RELATIVE_B,10,time_to_3_4v_s_prior10_robust_residual,training,0,9.113516744167613
RELATIVE_B,10,time_to_3_4v_s_prior10_robust_residual,B0007,0,6.179927658210549
RELATIVE_B,10,mean_voltage_v_prior10_robust_residual,training,0,5.6067959690131
RELATIVE_B,10,mean_voltage_v_prior10_robust_residual,B0007,0,6.1143967377257376
RELATIVE_B,10,mean_current_a_prior10_robust_residual,training,0,45.2604451626138
RELATIVE_B,10,mean_current_a_prior10_robust_residual,B0007,0,141.40480372749676
RELATIVE_B,10,mean_temp_c_prior10_robust_residual,training,0,9.459905261941872
RELATIVE_B,10,mean_temp_c_prior10_robust_residual,B0007,0,11.068198665262768
RELATIVE_B,10,max_temp_c_prior10_robust_residual,training,0,18.220185217827776
RELATIVE_B,10,max_temp_c_prior10_robust_residual,B0007,0,15.948462824434115
RELATIVE_B,10,delta_temp_c_prior10_robust_residual,training,0,9.715694784912223
RELATIVE_B,10,delta_temp_c_prior10_robust_residual,B0007,0,11.69987363448278
RELATIVE_A,20,capacity_retention_prior20_robust_residual,training,0,2.6635868522126565
RELATIVE_A,20,capacity_retention_prior20_robust_residual,B0007,0,3.0091291294486395
RELATIVE_A,20,capacity_slope_5_prior20_robust_residual,training,0,7.071651077171882
RELATIVE_A,20,capacity_slope_5_prior20_robust_residual,B0007,0,15.028194302043142
RELATIVE_A,20,duration_s_prior20_robust_residual,training,0,2.075236560766935
RELATIVE_A,20,duration_s_prior20_robust_residual,B0007,0,2.5802683245308304
RELATIVE_A,20,time_to_3_4v_s_prior20_robust_residual,training,0,2.7359927342490704
RELATIVE_A,20,time_to_3_4v_s_prior20_robust_residual,B0007,0,2.5754731151303587
RELATIVE_A,20,mean_voltage_v_prior20_robust_residual,training,0,4.029633530266791
RELATIVE_A,20,mean_voltage_v_prior20_robust_residual,B0007,0,3.9198887271412475
RELATIVE_A,20,mean_temp_c_prior20_robust_residual,training,0,10.007075834348045
RELATIVE_A,20,mean_temp_c_prior20_robust_residual,B0007,0,7.417606780355581
RELATIVE_A,20,delta_temp_c_prior20_robust_residual,training,0,3.799794957843308
RELATIVE_A,20,delta_temp_c_prior20_robust_residual,B0007,0,4.920949033376748
RELATIVE_B,20,duration_s_prior20_robust_residual,training,0,2.075236560766935
RELATIVE_B,20,duration_s_prior20_robust_residual,B0007,0,2.5802683245308304
RELATIVE_B,20,time_to_3_4v_s_prior20_robust_residual,training,0,2.7359927342490704
RELATIVE_B,20,time_to_3_4v_s_prior20_robust_residual,B0007,0,2.5754731151303587
RELATIVE_B,20,mean_voltage_v_prior20_robust_residual,training,0,4.029633530266791
RELATIVE_B,20,mean_voltage_v_prior20_robust_residual,B0007,0,3.9198887271412475
RELATIVE_B,20,mean_current_a_prior20_robust_residual,training,0,84.85886744620332
RELATIVE_B,20,mean_current_a_prior20_robust_residual,B0007,0,93.69453530888437
RELATIVE_B,20,mean_temp_c_prior20_robust_residual,training,0,10.007075834348045
RELATIVE_B,20,mean_temp_c_prior20_robust_residual,B0007,0,7.417606780355581
RELATIVE_B,20,max_temp_c_prior20_robust_residual,training,0,12.852863038939109
RELATIVE_B,20,max_temp_c_prior20_robust_residual,B0007,0,6.3351818576351375
RELATIVE_B,20,delta_temp_c_prior20_robust_residual,training,0,6.920987605025823
RELATIVE_B,20,delta_temp_c_prior20_robust_residual,B0007,0,4.920949033376748
