feature_set,history_window,n_estimators,max_features,percentile,clean_fpr_mean,clean_fpr_std,clean_fpr_max,eligible,recommended_percentile_for_review,final_threshold
RELATIVE_A,5,100,0.75,97.5,0.018867924528301886,0.010893401305464637,0.031446540880503145,True,97.5,
RELATIVE_A,5,100,0.75,99.0,0.01048218029350105,0.0036311337684882122,0.012578616352201259,True,97.5,
RELATIVE_A,5,100,1.0,97.5,0.02306079664570231,0.0036311337684882135,0.025157232704402517,True,97.5,
RELATIVE_A,5,100,1.0,99.0,0.014675052410901468,0.0036311337684882114,0.018867924528301886,True,97.5,
RELATIVE_A,5,200,0.75,97.5,0.020964360587002098,0.0036311337684882135,0.025157232704402517,True,97.5,
RELATIVE_A,5,200,0.75,99.0,0.008385744234800839,0.0036311337684882127,0.012578616352201259,True,97.5,
RELATIVE_A,5,200,1.0,97.5,0.02306079664570231,0.009607076928628595,0.031446540880503145,True,97.5,
RELATIVE_A,5,200,1.0,99.0,0.01257861635220126,2.1245936804851847e-18,0.012578616352201259,True,97.5,
RELATIVE_A,10,100,0.75,95.0,0.017316017316017316,0.014996110888042228,0.025974025974025976,True,95.0,
RELATIVE_A,10,100,0.75,97.5,0.0,0.0,0.0,True,95.0,
RELATIVE_A,10,100,0.75,99.0,0.0,0.0,0.0,True,95.0,
RELATIVE_A,10,100,1.0,95.0,0.017316017316017316,0.003749027722010556,0.01948051948051948,True,95.0,
RELATIVE_A,10,100,1.0,97.5,0.0021645021645021645,0.0037490277220105575,0.006493506493506494,True,95.0,
RELATIVE_A,10,100,1.0,99.0,0.0021645021645021645,0.0037490277220105575,0.006493506493506494,True,95.0,
RELATIVE_A,10,200,0.75,95.0,0.021645021645021644,0.0037490277220105584,0.025974025974025976,True,95.0,
RELATIVE_A,10,200,0.75,97.5,0.0,0.0,0.0,True,95.0,
RELATIVE_A,10,200,0.75,99.0,0.0,0.0,0.0,True,95.0,
RELATIVE_A,10,200,1.0,95.0,0.017316017316017316,0.007498055444021114,0.025974025974025976,True,95.0,
RELATIVE_A,10,200,1.0,97.5,0.0021645021645021645,0.0037490277220105575,0.006493506493506494,True,95.0,
RELATIVE_A,10,200,1.0,99.0,0.0,0.0,0.0,True,95.0,
RELATIVE_A,20,100,0.75,95.0,0.03703703703703704,0.004009376869372399,0.041666666666666664,True,95.0,
RELATIVE_A,20,100,0.75,97.5,0.034722222222222224,0.0,0.034722222222222224,True,95.0,
RELATIVE_A,20,100,0.75,99.0,0.02314814814814815,0.004009376869372401,0.027777777777777776,True,95.0,
RELATIVE_A,20,100,1.0,95.0,0.034722222222222224,0.0,0.034722222222222224,True,95.0,
RELATIVE_A,20,100,1.0,97.5,0.03009259259259259,0.004009376869372403,0.034722222222222224,True,95.0,
RELATIVE_A,20,100,1.0,99.0,0.016203703703703703,0.008018753738744801,0.020833333333333332,True,95.0,
RELATIVE_A,20,200,0.75,95.0,0.03703703703703704,0.004009376869372399,0.041666666666666664,True,95.0,
RELATIVE_A,20,200,0.75,97.5,0.034722222222222224,0.0,0.034722222222222224,True,95.0,
RELATIVE_A,20,200,0.75,99.0,0.020833333333333332,0.0,0.020833333333333332,True,95.0,
RELATIVE_A,20,200,1.0,95.0,0.032407407407407406,0.004009376869372403,0.034722222222222224,True,95.0,
RELATIVE_A,20,200,1.0,97.5,0.027777777777777776,0.0,0.027777777777777776,True,95.0,
RELATIVE_A,20,200,1.0,99.0,0.018518518518518517,0.004009376869372401,0.020833333333333332,True,95.0,
RELATIVE_B,5,100,1.0,99.0,0.0408997955010225,0.007084052382694794,0.049079754601226995,True,99.0,
RELATIVE_B,5,200,0.75,99.0,0.026584867075664622,0.015439334223457566,0.04294478527607362,True,99.0,
RELATIVE_B,5,200,1.0,99.0,0.026584867075664625,0.009371320439582496,0.03680981595092025,True,99.0,
RELATIVE_B,10,100,0.75,97.5,0.010548523206751056,0.0036541156277824414,0.012658227848101266,True,97.5,
RELATIVE_B,10,100,0.75,99.0,0.006329113924050633,0.006329113924050633,0.012658227848101266,True,97.5,
RELATIVE_B,10,100,1.0,95.0,0.02531645569620253,0.010962346883347325,0.0379746835443038,True,95.0,
RELATIVE_B,10,100,1.0,97.5,0.016877637130801686,0.0036541156277824422,0.0189873417721519,True,95.0,
RELATIVE_B,10,100,1.0,99.0,0.004219409282700422,0.0036541156277824414,0.006329113924050633,True,95.0,
RELATIVE_B,10,200,0.75,95.0,0.029535864978902954,0.003654115627782443,0.03164556962025317,True,95.0,
RELATIVE_B,10,200,0.75,97.5,0.012658227848101266,0.0,0.012658227848101266,True,95.0,
RELATIVE_B,10,200,0.75,99.0,0.004219409282700422,0.0036541156277824414,0.006329113924050633,True,95.0,
RELATIVE_B,10,200,1.0,95.0,0.02531645569620253,0.0,0.02531645569620253,True,95.0,
RELATIVE_B,10,200,1.0,97.5,0.012658227848101266,0.006329113924050634,0.0189873417721519,True,95.0,
RELATIVE_B,10,200,1.0,99.0,0.004219409282700422,0.0036541156277824414,0.006329113924050633,True,95.0,
RELATIVE_B,20,100,0.75,95.0,0.015765765765765768,0.007802030664724673,0.02027027027027027,True,95.0,
RELATIVE_B,20,100,0.75,97.5,0.0,0.0,0.0,True,95.0,
RELATIVE_B,20,100,0.75,99.0,0.0,0.0,0.0,True,95.0,
RELATIVE_B,20,100,1.0,95.0,0.011261261261261262,0.007802030664724673,0.02027027027027027,True,95.0,
RELATIVE_B,20,100,1.0,97.5,0.0022522522522522522,0.0039010153323623367,0.006756756756756757,True,95.0,
RELATIVE_B,20,100,1.0,99.0,0.0022522522522522522,0.0039010153323623367,0.006756756756756757,True,95.0,
RELATIVE_B,20,200,0.75,95.0,0.02027027027027027,0.006756756756756757,0.02702702702702703,True,95.0,
RELATIVE_B,20,200,0.75,97.5,0.006756756756756757,0.006756756756756757,0.013513513513513514,True,95.0,
RELATIVE_B,20,200,0.75,99.0,0.0,0.0,0.0,True,95.0,
RELATIVE_B,20,200,1.0,95.0,0.018018018018018018,0.0039010153323623363,0.02027027027027027,True,95.0,
RELATIVE_B,20,200,1.0,97.5,0.0,0.0,0.0,True,95.0,
RELATIVE_B,20,200,1.0,99.0,0.0,0.0,0.0,True,95.0,
