history_window,anomaly_family,severity,channel,drift_sign,first_start_cycle,accepted_windows,rejected_windows
5,A1_ACCELERATED_DEGRADATION,mild,joint,0,10,69,0
5,A1_ACCELERATED_DEGRADATION,moderate,joint,0,10,69,0
5,A1_ACCELERATED_DEGRADATION,strong,joint,0,10,69,0
5,A2_EARLY_VOLTAGE_COLLAPSE,mild,joint,0,6,159,0
5,A2_EARLY_VOLTAGE_COLLAPSE,moderate,joint,0,6,159,0
5,A2_EARLY_VOLTAGE_COLLAPSE,strong,joint,0,6,159,0
5,A3_THERMAL_ABNORMALITY,mild,joint,0,6,159,0
5,A3_THERMAL_ABNORMALITY,moderate,joint,0,6,159,0
5,A3_THERMAL_ABNORMALITY,strong,joint,0,6,159,0
5,A4_SENSOR_DRIFT,mild,mean_voltage_v,-1,6,154,0
5,A4_SENSOR_DRIFT,mild,mean_voltage_v,1,6,154,0
5,A4_SENSOR_DRIFT,mild,mean_temp_c,-1,6,154,0
5,A4_SENSOR_DRIFT,mild,mean_temp_c,1,6,154,0
5,A4_SENSOR_DRIFT,moderate,mean_voltage_v,-1,6,154,0
5,A4_SENSOR_DRIFT,moderate,mean_voltage_v,1,6,154,0
5,A4_SENSOR_DRIFT,moderate,mean_temp_c,-1,6,154,0
5,A4_SENSOR_DRIFT,moderate,mean_temp_c,1,6,154,0
5,A4_SENSOR_DRIFT,strong,mean_voltage_v,-1,6,154,0
5,A4_SENSOR_DRIFT,strong,mean_voltage_v,1,6,154,0
5,A4_SENSOR_DRIFT,strong,mean_temp_c,-1,6,154,0
5,A4_SENSOR_DRIFT,strong,mean_temp_c,1,6,154,0
10,A1_ACCELERATED_DEGRADATION,mild,joint,0,15,64,0
10,A1_ACCELERATED_DEGRADATION,moderate,joint,0,15,64,0
10,A1_ACCELERATED_DEGRADATION,strong,joint,0,15,64,0
10,A2_EARLY_VOLTAGE_COLLAPSE,mild,joint,0,11,154,0
10,A2_EARLY_VOLTAGE_COLLAPSE,moderate,joint,0,11,154,0
10,A2_EARLY_VOLTAGE_COLLAPSE,strong,joint,0,11,154,0
10,A3_THERMAL_ABNORMALITY,mild,joint,0,11,154,0
10,A3_THERMAL_ABNORMALITY,moderate,joint,0,11,154,0
10,A3_THERMAL_ABNORMALITY,strong,joint,0,11,154,0
10,A4_SENSOR_DRIFT,mild,mean_voltage_v,-1,11,149,0
10,A4_SENSOR_DRIFT,mild,mean_voltage_v,1,11,149,0
10,A4_SENSOR_DRIFT,mild,mean_temp_c,-1,11,149,0
10,A4_SENSOR_DRIFT,mild,mean_temp_c,1,11,149,0
10,A4_SENSOR_DRIFT,moderate,mean_voltage_v,-1,11,149,0
10,A4_SENSOR_DRIFT,moderate,mean_voltage_v,1,11,149,0
10,A4_SENSOR_DRIFT,moderate,mean_temp_c,-1,11,149,0
10,A4_SENSOR_DRIFT,moderate,mean_temp_c,1,11,149,0
10,A4_SENSOR_DRIFT,strong,mean_voltage_v,-1,11,149,0
10,A4_SENSOR_DRIFT,strong,mean_voltage_v,1,11,149,0
10,A4_SENSOR_DRIFT,strong,mean_temp_c,-1,11,149,0
10,A4_SENSOR_DRIFT,strong,mean_temp_c,1,11,149,0
20,A1_ACCELERATED_DEGRADATION,mild,joint,0,25,54,0
20,A1_ACCELERATED_DEGRADATION,moderate,joint,0,25,54,0
20,A1_ACCELERATED_DEGRADATION,strong,joint,0,25,54,0
20,A2_EARLY_VOLTAGE_COLLAPSE,mild,joint,0,21,144,0
20,A2_EARLY_VOLTAGE_COLLAPSE,moderate,joint,0,21,144,0
20,A2_EARLY_VOLTAGE_COLLAPSE,strong,joint,0,21,144,0
20,A3_THERMAL_ABNORMALITY,mild,joint,0,21,144,0
20,A3_THERMAL_ABNORMALITY,moderate,joint,0,21,144,0
20,A3_THERMAL_ABNORMALITY,strong,joint,0,21,144,0
20,A4_SENSOR_DRIFT,mild,mean_voltage_v,-1,21,139,0
20,A4_SENSOR_DRIFT,mild,mean_voltage_v,1,21,139,0
20,A4_SENSOR_DRIFT,mild,mean_temp_c,-1,21,139,0
20,A4_SENSOR_DRIFT,mild,mean_temp_c,1,21,139,0
20,A4_SENSOR_DRIFT,moderate,mean_voltage_v,-1,21,139,0
20,A4_SENSOR_DRIFT,moderate,mean_voltage_v,1,21,139,0
20,A4_SENSOR_DRIFT,moderate,mean_temp_c,-1,21,139,0
20,A4_SENSOR_DRIFT,moderate,mean_temp_c,1,21,139,0
20,A4_SENSOR_DRIFT,strong,mean_voltage_v,-1,21,139,0
20,A4_SENSOR_DRIFT,strong,mean_voltage_v,1,21,139,0
20,A4_SENSOR_DRIFT,strong,mean_temp_c,-1,21,139,0
20,A4_SENSOR_DRIFT,strong,mean_temp_c,1,21,139,0
