feature_set,history_window,feature,training_median,validation_median,training_MAD,validation_MAD,median_shift,standardized_shift,absolute_standardized_shift
RELATIVE_A,5,mean_temp_c_prior5_robust_residual,-0.5062858399372273,-0.13148436358798632,0.9169869418848422,1.1267526612373278,0.374801476349241,0.40873153065718315,0.40873153065718315
RELATIVE_A,5,mean_voltage_v_prior5_robust_residual,-0.40293393414967316,-0.9109553347132456,1.3979933047657473,1.164991995086035,-0.5080214005635725,-0.3633933001193438,0.3633933001193438
RELATIVE_A,5,time_to_3_4v_s_prior5_robust_residual,-1.2353650254566326,-1.318735770191454,0.832962963506125,0.746512317334513,-0.08337074473482131,-0.10008937778445208,0.10008937778445208
RELATIVE_A,5,capacity_retention_prior5_robust_residual,-1.284460893182655,-1.373568963442991,0.9690432508080286,0.6974818950951212,-0.08910807026033596,-0.09195468848891311,0.09195468848891311
RELATIVE_A,5,duration_s_prior5_robust_residual,-1.3068418935214106,-1.378903917376669,0.8732486998345488,0.6991290290147427,-0.0720620238552585,-0.08252176484077427,0.08252176484077427
RELATIVE_A,5,capacity_slope_5_prior5_robust_residual,0.1918252448999676,0.30746872285517585,1.7154187156678444,1.123423656529281,0.11564347795520824,0.06741414029063224,0.06741414029063224
RELATIVE_A,5,delta_temp_c_prior5_robust_residual,0.5069467404217617,0.4673756037013228,1.2342890767466521,1.0980947861862294,-0.03957113672043888,-0.032059861393848484,0.032059861393848484
RELATIVE_A,10,duration_s_prior10_robust_residual,-0.9534514559242293,-1.3047011514319795,0.6585723240664231,0.41686877500549496,-0.3512496955077502,-0.533350222400666,0.533350222400666
RELATIVE_A,10,capacity_retention_prior10_robust_residual,-0.9137507234485174,-1.2884285702268723,0.7244786213572574,0.293835275726241,-0.3746778467783549,-0.5171689484451916,0.5171689484451916
RELATIVE_A,10,mean_temp_c_prior10_robust_residual,-0.4643079293929129,0.15934908494044248,1.2611531192747814,1.0343770543545254,0.6236570143333553,0.4945133186460226,0.4945133186460226
RELATIVE_A,10,mean_voltage_v_prior10_robust_residual,-0.6325091826337956,-0.9792761550067469,1.1383909154394678,0.6929281361123782,-0.3467669723729513,-0.30461150705782325,0.30461150705782325
RELATIVE_A,10,delta_temp_c_prior10_robust_residual,0.6456842861196435,0.3657555520621599,1.0366965010899007,0.8845527607595539,-0.27992873405748353,-0.2700199467859577,0.2700199467859577
RELATIVE_A,10,time_to_3_4v_s_prior10_robust_residual,-1.151712499004625,-1.2619580233488625,0.8115173556647429,0.3806728766254395,-0.11024552434423751,-0.13585109865448466,0.13585109865448466
RELATIVE_A,10,capacity_slope_5_prior10_robust_residual,0.30519399764907384,0.2227570710928603,1.406291094213103,0.8770063476881417,-0.08243692655621354,-0.058620101411039315,0.058620101411039315
RELATIVE_A,20,mean_temp_c_prior20_robust_residual,-0.493812440870793,0.2789754674002166,1.0936392845643144,0.9565067337206017,0.7727879082710096,0.7066204727446984,0.7066204727446984
RELATIVE_A,20,duration_s_prior20_robust_residual,-1.20602592326337,-1.4049745435317356,0.33955029153466354,0.2868801565392084,-0.19894862026836546,-0.5859179780679278,0.5859179780679278
RELATIVE_A,20,delta_temp_c_prior20_robust_residual,0.9839227930150525,0.5354507690590504,1.2041289968034092,0.7841924947244805,-0.44847202395600205,-0.3724451658805301,0.3724451658805301
RELATIVE_A,20,capacity_slope_5_prior20_robust_residual,-0.07879460069530654,0.06940708715692268,0.8416662351612739,0.682124107034329,0.1482016878522292,0.1760813035630827,0.1760813035630827
RELATIVE_A,20,mean_voltage_v_prior20_robust_residual,-1.030993768116995,-1.2021663647159206,1.0671364264340282,0.5183054732544995,-0.1711725965989257,-0.16040366757127827,0.16040366757127827
RELATIVE_A,20,capacity_retention_prior20_robust_residual,-1.3361351850311207,-1.3863388639938028,0.5500986962091159,0.34137453746399293,-0.050203678962682075,-0.09126303935757289,0.09126303935757289
RELATIVE_A,20,time_to_3_4v_s_prior20_robust_residual,-1.3697917211431365,-1.3866099567595562,0.5975418430336787,0.3461854856352533,-0.016818235616419708,-0.028145703623088027,0.028145703623088027
RELATIVE_B,5,mean_temp_c_prior5_robust_residual,-0.5445267001945411,-0.1633330965078563,0.7888524472549079,1.1055672298553594,0.38119360368668476,0.4832254815373689,0.4832254815373689
RELATIVE_B,5,mean_voltage_v_prior5_robust_residual,-0.2735527515337293,-0.8511195582714876,1.3099404076010446,1.2053405077712558,-0.5775668067377582,-0.44091074936415114,0.44091074936415114
RELATIVE_B,5,max_temp_c_prior5_robust_residual,-0.1707046347793246,0.14720160485765363,1.0728015750786737,1.1605294050562827,0.3179062396369782,0.2963327487785098,0.2963327487785098
RELATIVE_B,5,mean_current_a_prior5_robust_residual,0.3694061723504054,0.8399817912270958,1.8802026425314522,2.0441941266911887,0.4705756188766904,0.2502792030135223,0.2502792030135223
RELATIVE_B,5,time_to_3_4v_s_prior5_robust_residual,-1.1769236994782943,-1.3127684286076307,1.05334740891751,0.7803800353602834,-0.13584472912933632,-0.12896479165305907,0.12896479165305907
RELATIVE_B,5,delta_temp_c_prior5_robust_residual,0.5069467404217617,0.40457011205266136,1.2238908910262163,1.132612578904051,-0.10237662836910033,-0.08364849278619836,0.08364849278619836
RELATIVE_B,5,duration_s_prior5_robust_residual,-1.3068418935214106,-1.378903917376669,0.967495765330181,0.7092783878403934,-0.0720620238552585,-0.07448303800137629,0.07448303800137629
RELATIVE_B,10,mean_temp_c_prior10_robust_residual,-0.47855704204736516,0.11140871368759309,1.2153561478621646,1.028978069991843,0.5899657557349582,0.48542623227991205,0.48542623227991205
RELATIVE_B,10,duration_s_prior10_robust_residual,-1.003290358506649,-1.3195922813438556,0.6678585552389601,0.4308171669737554,-0.3163019228372066,-0.4736061556088529,0.4736061556088529
RELATIVE_B,10,mean_voltage_v_prior10_robust_residual,-0.4794780606317415,-0.9580183209990338,1.1938377561187523,0.726714435011184,-0.47854026036729236,-0.4008419552109487,0.4008419552109487
RELATIVE_B,10,max_temp_c_prior10_robust_residual,-0.24800892863334817,0.15085083919293113,1.0723394038813767,0.9241902535252806,0.3988597678262793,0.371952915637148,0.371952915637148
RELATIVE_B,10,mean_current_a_prior10_robust_residual,0.5197909421112147,0.771745755956424,1.055169964336836,0.7574846851151598,0.25195481384520935,0.23878126023380555,0.23878126023380555
RELATIVE_B,10,delta_temp_c_prior10_robust_residual,0.5518877845796359,0.3657555520621599,1.1398843004891364,0.8781221297008384,-0.18613223251747602,-0.1632904606525458,0.1632904606525458
RELATIVE_B,10,time_to_3_4v_s_prior10_robust_residual,-1.151712499004625,-1.270576865508527,0.8278358300875017,0.39315190774013065,-0.11886436650390197,-0.14358446709335845,0.14358446709335845
RELATIVE_B,20,duration_s_prior20_robust_residual,-0.9321786949278152,-1.3988628244003074,0.49323203243981983,0.30424978261864033,-0.46668412947249216,-0.9461756308972759,0.9461756308972759
RELATIVE_B,20,mean_temp_c_prior20_robust_residual,-0.7466214509943712,0.2496438366908309,1.1397617641732205,0.966097863302792,0.9962652876852021,0.8740995873009388,0.8740995873009388
RELATIVE_B,20,mean_current_a_prior20_robust_residual,0.10791872836210686,0.8907623042979897,1.133860247030549,0.6608439454519539,0.7828435759358829,0.690423337431629,0.690423337431629
RELATIVE_B,20,mean_voltage_v_prior20_robust_residual,-0.7671400405117271,-1.1938597064045022,1.0489015388675678,0.550392586303025,-0.4267196658927751,-0.4068252834803514,0.4068252834803514
RELATIVE_B,20,max_temp_c_prior20_robust_residual,-0.25025583177601485,0.3973479456240445,2.187864935108486,1.1229507434959904,0.6476037774000594,0.2959980604871972,0.2959980604871972
RELATIVE_B,20,delta_temp_c_prior20_robust_residual,0.7936978612029395,0.5093864488265869,1.2151684306749324,0.8006910985260395,-0.2843114123763526,-0.2339687282843906,0.2339687282843906
RELATIVE_B,20,time_to_3_4v_s_prior20_robust_residual,-1.2515861639907002,-1.3661960531473683,0.7545926447761573,0.36366806501335214,-0.11460988915666803,-0.15188312522005296,0.15188312522005296
