feature_set,history_window,n_estimators,max_features,representation,early_mean_mean,early_mean_std,late_mean_mean,late_mean_std,late_minus_early_mean,late_minus_early_std
RELATIVE_A,5,100,0.75,absolute_matched_cycles,0.5026340619877755,0.00910735878054219,0.6370749486583673,0.013028552337535092,0.1344408866705918,0.017049453401699267
RELATIVE_A,5,100,0.75,relative,0.39692241553300683,0.0051549747855728495,0.36469637484675443,0.004613108813127153,-0.03222604068625232,0.0012013518268165707
RELATIVE_A,5,100,1.0,absolute_matched_cycles,0.4815755621618352,0.01595378750859293,0.6346903619525172,0.0006653904727260938,0.15311479979068196,0.01546919145180255
RELATIVE_A,5,100,1.0,relative,0.39757785185081745,0.003710015216857288,0.362521255826882,0.004050027177750446,-0.035056596023935425,0.003761358629903737
RELATIVE_A,5,200,0.75,absolute_matched_cycles,0.5008114633451264,0.009518068071692138,0.6396973063803646,0.009879978151651364,0.13888584303523818,0.014468594019053474
RELATIVE_A,5,200,0.75,relative,0.39974528061687215,0.003086045068156676,0.36594363298604415,0.0027419569135347524,-0.033801647630827936,0.0018080165504764884
RELATIVE_A,5,200,1.0,absolute_matched_cycles,0.4846977073610632,0.011102047646089538,0.634548899256303,0.0011901890495447172,0.1498511918952398,0.0121757212171053
RELATIVE_A,5,200,1.0,relative,0.3967016906917917,0.0031924481247641223,0.3612457748543209,0.002271658237577464,-0.03545591583747074,0.0018482894946183525
RELATIVE_A,10,100,0.75,absolute_matched_cycles,0.5039524464911634,0.00981062729791355,0.6370749486583673,0.013028552337535092,0.13312250216720387,0.016937552099517403
RELATIVE_A,10,100,0.75,relative,0.42118393157619183,0.0030509636621566406,0.3888696792461732,0.004063959369302454,-0.03231425233001863,0.0032741056435207157
RELATIVE_A,10,100,1.0,absolute_matched_cycles,0.4833169281677536,0.017329523432877365,0.6346903619525172,0.0006653904727260938,0.15137343378476362,0.016845521836003942
RELATIVE_A,10,100,1.0,relative,0.4171168265821856,0.0038984492645738112,0.38420464876990773,0.0010723809518731959,-0.03291217781227788,0.004172492834619403
RELATIVE_A,10,200,0.75,absolute_matched_cycles,0.5015444592086128,0.0096755432084592,0.6396973063803646,0.009879978151651364,0.13815284717175172,0.014345253873989253
RELATIVE_A,10,200,0.75,relative,0.4240396042290369,0.00423155913534812,0.3909449763190951,0.0032771503305314255,-0.03309462790994191,0.0037303991980005163
RELATIVE_A,10,200,1.0,absolute_matched_cycles,0.4858012077489473,0.011802543373909687,0.634548899256303,0.0011901890495447172,0.14874769150735564,0.012866892554685008
RELATIVE_A,10,200,1.0,relative,0.41961416179372363,0.002548239770646918,0.38638661700113447,0.002391861480789263,-0.03322754479258918,0.0012958097400864268
RELATIVE_A,20,100,0.75,absolute_matched_cycles,0.5031538651172158,0.01121811645935767,0.6370749486583673,0.013028552337535092,0.13392108354115154,0.016638441648447397
RELATIVE_A,20,100,0.75,relative,0.467147148616051,0.0033581002687450073,0.44120033909958906,0.002839181076941525,-0.02594680951646196,0.0021846566688740925
RELATIVE_A,20,100,1.0,absolute_matched_cycles,0.483013507405959,0.018445609787674313,0.6346903619525172,0.0006653904727260938,0.1516768545465582,0.017935861483000817
RELATIVE_A,20,100,1.0,relative,0.4668015982256746,0.0008661857478312549,0.4398498089460368,0.002126669271692654,-0.02695178927963776,0.0022715146043367595
RELATIVE_A,20,200,0.75,absolute_matched_cycles,0.49894005507857003,0.010099291255007315,0.6396973063803646,0.009879978151651364,0.14075725130179453,0.014044828412405373
RELATIVE_A,20,200,0.75,relative,0.47109177100237903,0.005277954139436202,0.4441323165638456,0.00320125722852546,-0.026959454438533464,0.002336967315095661
RELATIVE_A,20,200,1.0,absolute_matched_cycles,0.48360734059753613,0.011660997529707126,0.634548899256303,0.0011901890495447172,0.15094155865876682,0.012757486022416123
RELATIVE_A,20,200,1.0,relative,0.468586600485952,0.0020447984388651716,0.44117271431551286,0.0014770693383489813,-0.0274138861704392,0.001309584802861952
RELATIVE_B,5,100,0.75,absolute_matched_cycles,0.5262403984353107,0.011645228895446889,0.6506569051969642,0.017678060875887965,0.12441650676165354,0.006939680803732483
RELATIVE_B,5,100,0.75,relative,0.4068640219867487,0.004572533313394367,0.37041019308069995,0.0005819794779023875,-0.03645382890604878,0.004215320589898076
RELATIVE_B,5,100,1.0,absolute_matched_cycles,0.5208086037585441,0.0034418501644065173,0.646588473856709,0.006441002788921302,0.12577987009816508,0.0066656141056467754
RELATIVE_B,5,100,1.0,relative,0.40443098218958645,0.001435329447920338,0.365317772596196,0.002083518443753262,-0.03911320959339045,0.003011989090509157
RELATIVE_B,5,200,0.75,absolute_matched_cycles,0.5322038539328479,0.006243066516798942,0.6494401671625587,0.006214959831630816,0.11723631322971084,0.001974538778004928
RELATIVE_B,5,200,0.75,relative,0.40723838992253475,0.004252532798276965,0.37068952921484644,0.0034910175831465023,-0.03654886070768831,0.0015173761117778092
RELATIVE_B,5,200,1.0,absolute_matched_cycles,0.5237576672544039,0.006011239648105647,0.6515312634773166,0.004491605194608821,0.1277735962229127,0.003840419252011832
RELATIVE_B,5,200,1.0,relative,0.40601543513855987,0.001382300875863914,0.367769420390119,0.0008634196151182883,-0.03824601474844084,0.002221777396838289
RELATIVE_B,10,100,0.75,absolute_matched_cycles,0.5226034963457556,0.0115648603167289,0.6506569051969642,0.017678060875887965,0.1280534088512086,0.007664067229040788
RELATIVE_B,10,100,0.75,relative,0.41521716869508135,0.0019453543048743107,0.3947408874956933,0.0033462150775341866,-0.02047628119938801,0.0015193777784781811
RELATIVE_B,10,100,1.0,absolute_matched_cycles,0.5180863516887863,0.0022663962762917485,0.646588473856709,0.006441002788921302,0.12850212216792287,0.006259902602783744
RELATIVE_B,10,100,1.0,relative,0.41534564965445714,0.004161215144489309,0.39231574366660643,0.00502928656840647,-0.023029905987850707,0.0016065275420241467
RELATIVE_B,10,200,0.75,absolute_matched_cycles,0.5287928024700262,0.005666906873383436,0.6494401671625587,0.006214959831630816,0.12064736469253241,0.002173362919901749
RELATIVE_B,10,200,0.75,relative,0.4176129584540853,0.004912904360012172,0.39504281810667363,0.003342330781482937,-0.022570140347411633,0.0016288462875329113
RELATIVE_B,10,200,1.0,absolute_matched_cycles,0.5205190125687289,0.006015388683415134,0.6515312634773166,0.004491605194608821,0.1310122509085876,0.004521834305396902
RELATIVE_B,10,200,1.0,relative,0.41721837854526034,0.0016125765421120374,0.3925512800521707,0.0021104193417242467,-0.024667098493089585,0.0005039274628963934
RELATIVE_B,20,100,0.75,absolute_matched_cycles,0.5242854996036407,0.00943542488580404,0.6506569051969642,0.017678060875887965,0.1263714055933234,0.009984653973165787
RELATIVE_B,20,100,0.75,relative,0.43111088430560174,0.00860378067315719,0.42729291960231147,0.002776516540437466,-0.0038179647032902477,0.0064393945851300635
RELATIVE_B,20,100,1.0,absolute_matched_cycles,0.520745299157373,0.003752572039832986,0.646588473856709,0.006441002788921302,0.12584317469933615,0.005190320166245616
RELATIVE_B,20,100,1.0,relative,0.4400290592749468,0.004631447756780661,0.4263545988951099,0.0014182631707855922,-0.013674460379836884,0.005711529991305275
RELATIVE_B,20,200,0.75,absolute_matched_cycles,0.5299888548221633,0.003810791540501028,0.6494401671625587,0.006214959831630816,0.11945131234039545,0.002966850071189368
RELATIVE_B,20,200,0.75,relative,0.43308030904004324,0.0030430838701600315,0.42893414553130554,0.0011976550642499313,-0.004146163508737699,0.003258731954543586
RELATIVE_B,20,200,1.0,absolute_matched_cycles,0.5224416097685819,0.00668793236632763,0.6515312634773166,0.004491605194608821,0.12908965370873468,0.0048537614187935015
RELATIVE_B,20,200,1.0,relative,0.43706973170969654,0.0035683955398539695,0.4260918874043132,0.0017879760979830647,-0.010977844305383344,0.0019101464412030686
