feature_set,history_window,n_estimators,max_features,seed,region,count,score_mean,score_std,score_min,score_p05,score_median,score_p95,score_max
RELATIVE_A,5,100,0.75,42,training,82,0.3755678970753663,0.08090610855586286,0.30414388381030333,0.30835275657594347,0.3460400535863248,0.5679095211558357,0.651987191886612
RELATIVE_A,5,100,0.75,42,B0007,159,0.37736484834624673,0.08674439521505915,0.30408223502202464,0.3072363026956726,0.32929910235384874,0.576057221315226,0.6944563171290264
RELATIVE_A,5,100,0.75,123,training,82,0.36718710338866095,0.0783841078786279,0.2990985002248394,0.3015055115419053,0.3348682669618178,0.5373230703684525,0.6351757092504036
RELATIVE_A,5,100,0.75,123,B0007,159,0.3679771373848443,0.08467297476898038,0.29838078193500306,0.30034894195141776,0.32649561494433577,0.5615722270751012,0.6400148522880114
RELATIVE_A,5,100,0.75,2026,training,82,0.3757232241597595,0.08283345386259244,0.30654229332197497,0.3089040069147916,0.344365660604295,0.5578969509762254,0.6560420853541893
RELATIVE_A,5,100,0.75,2026,B0007,159,0.37367671745325437,0.0856567917134118,0.30562677706357577,0.30757701477130767,0.33328644675573016,0.5900747842213993,0.6810682557794723
RELATIVE_A,5,100,1.0,42,training,82,0.3692203596206601,0.08442887891285941,0.3009115388097991,0.3035829633002904,0.33647885233280483,0.577987642448624,0.6585772900166882
RELATIVE_A,5,100,1.0,42,B0007,159,0.36739600496247604,0.08515910543168637,0.30166360836083705,0.30254348031175277,0.323936564883911,0.5571993851849285,0.6842793252692758
RELATIVE_A,5,100,1.0,123,training,82,0.3724423711886485,0.08169882239754798,0.3056609199582179,0.3094481673370057,0.3371968165420266,0.5577081224098774,0.6546853935052217
RELATIVE_A,5,100,1.0,123,B0007,159,0.37357668920102044,0.08792088721102741,0.3046355487610873,0.3065747344025499,0.33087680668358826,0.5818587475594176,0.6875785646036575
RELATIVE_A,5,100,1.0,2026,training,82,0.3715588856620679,0.08346335473446446,0.3017409798905696,0.30358418890082645,0.33636290783543543,0.5510685207535122,0.6674870290393459
RELATIVE_A,5,100,1.0,2026,B0007,159,0.3737103268450996,0.08954406903150397,0.30053008586507346,0.30327472915153314,0.3284106002873724,0.5812680821925063,0.6801610953894291
RELATIVE_A,5,200,0.75,42,training,82,0.37679908344106033,0.08062527133296656,0.30576450896484264,0.3091242397942383,0.3451759898256601,0.5616205823567927,0.6435973832863979
RELATIVE_A,5,200,0.75,42,B0007,159,0.37747789617991995,0.08714000088088837,0.30478988295951426,0.3074590013427701,0.3315898212292817,0.5888811442814501,0.6802517170417618
RELATIVE_A,5,200,0.75,123,training,82,0.37045752163839674,0.07937781253597191,0.30250494804429123,0.305163502274417,0.33939068077319295,0.5369832103270629,0.6394655861022687
RELATIVE_A,5,200,0.75,123,B0007,159,0.372045099464552,0.08636628539720918,0.30073765518898377,0.3041681596964146,0.3284839323045328,0.5747392884621191,0.6535673221056273
RELATIVE_A,5,200,0.75,2026,training,82,0.3759861858830673,0.08244052689348744,0.305745535962032,0.3087730162102244,0.34232016257041187,0.5576962885408155,0.6623279690807179
RELATIVE_A,5,200,0.75,2026,B0007,159,0.3744563477073199,0.08717159255825536,0.3044688279822551,0.3072711498643023,0.3312915679493871,0.5966566961849583,0.6808184447951597
RELATIVE_A,5,200,1.0,42,training,82,0.3701007494411302,0.08302128496369066,0.30152028483098986,0.303474952171683,0.33990087393654456,0.5582524130860557,0.6619303954981964
RELATIVE_A,5,200,1.0,42,B0007,159,0.3693334181529047,0.08658987946727029,0.30149166307459735,0.3031035032517255,0.32553398391683797,0.5813343755868602,0.6824266131306143
RELATIVE_A,5,200,1.0,123,training,82,0.3739407754731591,0.08229598086963645,0.3052561519354404,0.30832004415013103,0.33661950004295005,0.5689840584836696,0.6567719982323335
RELATIVE_A,5,200,1.0,123,B0007,159,0.3731451969613635,0.08550884059011711,0.303458912972192,0.3060576970749328,0.33161756310772683,0.5829224881621496,0.677063470520453
RELATIVE_A,5,200,1.0,2026,training,82,0.36883042978255265,0.083426444151565,0.30035902071973836,0.3040251976056822,0.33250056969345343,0.559141529512339,0.6527291825107089
RELATIVE_A,5,200,1.0,2026,B0007,159,0.36868687075692663,0.08730429854759382,0.30002027211350696,0.30296691071994497,0.3242331596691709,0.5784548525325756,0.6811449071780152
RELATIVE_B,5,100,0.75,42,training,90,0.3727755229527381,0.07214827312524996,0.30748985711881194,0.3095792625238797,0.347071723486852,0.5388472111382671,0.5822547657741007
RELATIVE_B,5,100,0.75,42,B0007,163,0.3821233058757046,0.0835520900814773,0.3061370711086838,0.3083500233605378,0.3484943449509628,0.5593527464825202,0.6534850503836357
RELATIVE_B,5,100,0.75,123,training,90,0.37297706142211917,0.07679202129289094,0.3037030229821936,0.3065815612567857,0.345851496753671,0.5398294212135089,0.6216263647106036
RELATIVE_B,5,100,0.75,123,B0007,163,0.3803024539199696,0.08264511730440566,0.3030570889476431,0.30588574417535785,0.34688269230296376,0.547170272196888,0.6548448044686639
RELATIVE_B,5,100,0.75,2026,training,90,0.3734395773967292,0.07525371113867135,0.30589703802031704,0.30908894026999295,0.33973807573120457,0.5448227959163618,0.61529114505116
RELATIVE_B,5,100,0.75,2026,B0007,163,0.3789966409330304,0.0808696347770982,0.3057335328439264,0.3080211555995611,0.3489071045525991,0.566010100086677,0.6421684772667768
RELATIVE_B,5,100,1.0,42,training,90,0.37071168125690995,0.07849192727493988,0.3042084675009927,0.3070833803449711,0.3392027326996451,0.5446867065271129,0.6234114346310513
RELATIVE_B,5,100,1.0,42,B0007,163,0.3768533836856706,0.08552435383177658,0.3036272285164419,0.3051697101064688,0.34100279607262746,0.56351925060579,0.6321528501978387
RELATIVE_B,5,100,1.0,123,training,90,0.37124511112405145,0.0798078434205329,0.3017783268972305,0.30490162700399887,0.33403150476389104,0.5471165732215396,0.6206459765065897
RELATIVE_B,5,100,1.0,123,B0007,163,0.37696794444081105,0.08429414464649496,0.30215203210416963,0.30391187313476714,0.34242512636815475,0.5633247309478817,0.6479300002294706
RELATIVE_B,5,100,1.0,2026,training,90,0.3694640894025096,0.07964308775377252,0.30207393369594765,0.30450649766835963,0.33398603475744393,0.5509394421424315,0.5858753080399777
RELATIVE_B,5,100,1.0,2026,B0007,163,0.3745263657057118,0.08673223692972555,0.30217432896562024,0.30298796933118627,0.33504266566854507,0.5679775673727747,0.66767958504029
RELATIVE_B,5,200,0.75,42,training,90,0.37628795438403173,0.07491614050172364,0.30709620784690445,0.31149823499226664,0.34970786027575995,0.5374348554881024,0.5895489784363367
RELATIVE_B,5,200,0.75,42,B0007,163,0.3847230222148208,0.08198098898111035,0.3063555961372452,0.3083332878898258,0.3514131901104705,0.5552495893559849,0.64727620165742
RELATIVE_B,5,200,0.75,123,training,90,0.37251012539728046,0.07578433088156665,0.3027560763385733,0.3064431009132014,0.3431721025953137,0.5347665473873942,0.6124254837911637
RELATIVE_B,5,200,0.75,123,B0007,163,0.3775070104227941,0.0807642728278149,0.3027509067146421,0.305571010456522,0.3451013919446399,0.5474337557169017,0.6404988602566178
RELATIVE_B,5,200,0.75,2026,training,90,0.37354544318543376,0.07545119175439778,0.30480150271132445,0.30790179250817196,0.3424223596821021,0.5395323593511812,0.596966036297282
RELATIVE_B,5,200,0.75,2026,B0007,163,0.38010908381390557,0.08164476310075863,0.30463126673583946,0.30668773776632235,0.3479226584911531,0.5557243173681902,0.6399606567576476
RELATIVE_B,5,200,1.0,42,training,90,0.37125233346304176,0.07816873469988495,0.30341966710528895,0.3063141284245775,0.339123428041064,0.5399567581063357,0.6142023150018158
RELATIVE_B,5,200,1.0,42,B0007,163,0.37861425444047025,0.08446872420656007,0.30329482445966494,0.3050724673934993,0.34480513617675523,0.5633487805637123,0.6315418419099164
RELATIVE_B,5,200,1.0,123,training,90,0.3718200337527154,0.07891045547731498,0.30345861687195624,0.3064849158715576,0.33607465637941103,0.5448561427177935,0.6080252050826357
RELATIVE_B,5,200,1.0,123,B0007,163,0.37832378847041026,0.08453744139945273,0.3031908941474893,0.30470214360856646,0.3429726068350279,0.567470423961316,0.6481369117307567
RELATIVE_B,5,200,1.0,2026,training,90,0.37003669147482415,0.08019069783193977,0.3018400166187027,0.30457730919143444,0.3338417535710938,0.5536198360770317,0.5986108928020598
RELATIVE_B,5,200,1.0,2026,B0007,163,0.3780463654437681,0.08784135821964938,0.30184793671807714,0.3027283124080814,0.3397156831901236,0.5758810085670051,0.6689517399539346
RELATIVE_A,10,100,0.75,42,training,72,0.4206414824102921,0.08031152128034684,0.3386620801173783,0.34134523277326284,0.39318586473173245,0.604848796381892,0.6582443002701746
RELATIVE_A,10,100,0.75,42,B0007,154,0.39254706874126244,0.05683744454967182,0.332366470410952,0.34466181390522005,0.3734567625600871,0.5271122647440938,0.597479913230378
RELATIVE_A,10,100,0.75,123,training,72,0.4224709261529275,0.07452337405412254,0.341242198319087,0.35113330576487645,0.3961790179880154,0.5619598997902882,0.6349631833012555
RELATIVE_A,10,100,0.75,123,B0007,154,0.3970813975457785,0.056749991619277,0.3414379320061266,0.34936585614772137,0.37564165129842836,0.5163179695306509,0.6235203276035377
RELATIVE_A,10,100,0.75,2026,training,72,0.4264586890685675,0.07208881722093452,0.3450107585032438,0.3579443383565334,0.4031195328389965,0.5630532332019038,0.6469787425096901
RELATIVE_A,10,100,0.75,2026,B0007,154,0.39964251464395945,0.05398234907201125,0.3455787926881202,0.34987688228861435,0.3831930097191202,0.5178794979086979,0.6084198351772231
RELATIVE_A,10,100,1.0,42,training,72,0.41778903889399555,0.07681825848712764,0.3309684739535246,0.34155938837804933,0.3911021789580205,0.5676108440679148,0.6392016274385093
RELATIVE_A,10,100,1.0,42,B0007,154,0.39164409875461353,0.056750710248795716,0.32859990711037057,0.33606794091329456,0.3757661819246718,0.5181894702265264,0.6030703961750605
RELATIVE_A,10,100,1.0,123,training,72,0.4171546425400304,0.07826124149922989,0.3329734180499504,0.34178704477523275,0.39012610977604284,0.5806450508550549,0.6299552889132617
RELATIVE_A,10,100,1.0,123,B0007,154,0.39089994404502754,0.057067906277785484,0.32734129085549296,0.335650788317273,0.37373307924768223,0.5179689065346793,0.6107023395248069
RELATIVE_A,10,100,1.0,2026,training,72,0.42165179491133464,0.0780915178491042,0.33564949622059725,0.3447583424083645,0.3936668849835666,0.6014627127027548,0.6227034342482933
RELATIVE_A,10,100,1.0,2026,B0007,154,0.39315117106674446,0.06121877434741239,0.3338160545092058,0.33925745893848536,0.3722317138419198,0.5298535486292849,0.6426597662815757
RELATIVE_A,10,200,0.75,42,training,72,0.4233138918923765,0.07624372591089797,0.3405663557052851,0.3469720650790352,0.3987420567518374,0.576315874489765,0.6317205967337943
RELATIVE_A,10,200,0.75,42,B0007,154,0.3961824757577036,0.05664990093801701,0.3351350673059767,0.34656091139295403,0.37983751248009356,0.5326904400279266,0.6116245893567828
RELATIVE_A,10,200,0.75,123,training,72,0.42153811003144104,0.07401016030385255,0.34318223563180383,0.35119186567920185,0.393245003505277,0.5584241971409729,0.6268753379752147
RELATIVE_A,10,200,0.75,123,B0007,154,0.39764195831236365,0.055140219194677834,0.3419900033518268,0.3484468248680767,0.3776622937107934,0.5191641470916919,0.6163642786136073
RELATIVE_A,10,200,0.75,2026,training,72,0.4292241886722802,0.07300760862227909,0.34538623943421487,0.35876725681290533,0.40506362217073255,0.568274973098145,0.6262115382948281
RELATIVE_A,10,200,0.75,2026,B0007,154,0.40221971446042387,0.055316106164459734,0.34701330626714955,0.3507712909917492,0.38549537772181763,0.5210410579248225,0.6077236003046825
RELATIVE_A,10,200,1.0,42,training,72,0.4220750679279947,0.07397954835899961,0.33781625805214777,0.3491290896239185,0.39643989816265335,0.5706868808454005,0.6288337868300927
RELATIVE_A,10,200,1.0,42,B0007,154,0.39479960136442493,0.05495704398038439,0.33675534592323125,0.34388814461933814,0.37824166000178727,0.516061790610799,0.601521445660696
RELATIVE_A,10,200,1.0,123,training,72,0.4178513793425174,0.07580090519090828,0.3359900412620321,0.3459698952239328,0.38938834307020653,0.5728784412979144,0.6223239671991417
RELATIVE_A,10,200,1.0,123,B0007,154,0.3915317073162642,0.05617261517732937,0.3314584972525334,0.33980588223051367,0.3744316064717582,0.5113747605843991,0.6039721140771628
RELATIVE_A,10,200,1.0,2026,training,72,0.42301784679563154,0.07733053837397107,0.33678219153983674,0.34758161409827537,0.396932956270513,0.5911354686135587,0.6245315663025605
RELATIVE_A,10,200,1.0,2026,B0007,154,0.3961309763331017,0.05829937947215865,0.33636162114956336,0.3424905276664652,0.3777237235103846,0.5228186045032681,0.6224199293552526
RELATIVE_B,10,100,0.75,42,training,80,0.4187749778910005,0.06685495436291497,0.3372381820877118,0.3503920268578001,0.39620658826199634,0.5451006612417948,0.6280366908768675
RELATIVE_B,10,100,0.75,42,B0007,158,0.3980038869825804,0.05430211358877265,0.33939113779350394,0.3423421326226776,0.38266945273594244,0.5153441417216763,0.6166724550757815
RELATIVE_B,10,100,0.75,123,training,80,0.41906077556139765,0.06588454591406204,0.34116563223727675,0.3491285566463245,0.3952871018414347,0.5367558386440202,0.6537893970334576
RELATIVE_B,10,100,0.75,123,B0007,158,0.4033583932188256,0.0562755354536886,0.3372148450087096,0.3463817131160542,0.3836303942709154,0.5297643262506576,0.6077765633429695
RELATIVE_B,10,100,0.75,2026,training,80,0.41495460097846787,0.06536494309893853,0.33508486939795945,0.34760812429146687,0.3886399906620818,0.5397725864215139,0.6327868931633667
RELATIVE_B,10,100,0.75,2026,B0007,158,0.39841198825989266,0.05433610386283154,0.3382091795192834,0.34250980616293986,0.3829548832858906,0.5023308668235321,0.6119126755031802
RELATIVE_B,10,100,1.0,42,training,80,0.40976003849913134,0.07105382626359848,0.33001423589851725,0.33654234749023154,0.3863936769838929,0.5548682376720724,0.6542468380309113
RELATIVE_B,10,100,1.0,42,B0007,158,0.39361483816165393,0.06263257457509848,0.3277575780580166,0.33512863281617344,0.3706388890688509,0.5250431311304007,0.6352622865325203
RELATIVE_B,10,100,1.0,123,training,80,0.4195160229316864,0.0644581812720384,0.33861367407823295,0.3498590938286851,0.3975879012981938,0.5371306863855698,0.6253818676528743
RELATIVE_B,10,100,1.0,123,B0007,158,0.40312958672973276,0.05920356143862464,0.3389643104751206,0.34612598774050135,0.38285557307384976,0.525030920322648,0.6105249754909501
RELATIVE_B,10,100,1.0,2026,training,80,0.41499599021675576,0.07043998251897647,0.3370186267888873,0.3450203140421129,0.38869029216154805,0.5517826831889318,0.6406386348578289
RELATIVE_B,10,100,1.0,2026,B0007,158,0.39769387394730665,0.05811237351236348,0.33723990266290627,0.3429795214770978,0.3805703756526255,0.5088412687522835,0.6254595386411396
RELATIVE_B,10,200,0.75,42,training,80,0.4157640812612266,0.06776373852390401,0.3368926395088861,0.3478218293525577,0.39031920694830013,0.540861445635164,0.6377857388399704
RELATIVE_B,10,200,0.75,42,B0007,158,0.39796020060906884,0.05683924066406392,0.3372537136626787,0.34251754025992237,0.3796866990977671,0.5101374290568483,0.6239447004833433
RELATIVE_B,10,200,0.75,123,training,80,0.4218218526343517,0.06612723365113615,0.34694740647570876,0.3517927738534299,0.395576966417024,0.5414269362857094,0.6571455923696229
RELATIVE_B,10,200,0.75,123,B0007,158,0.40499870839434776,0.05692599151586514,0.34062945296950625,0.34677845570767574,0.38631866041861773,0.531855249872773,0.6212224240011799
RELATIVE_B,10,200,0.75,2026,training,80,0.41596375499547944,0.06529155865776735,0.3377708041362208,0.35057149580141367,0.39408294281521705,0.533349703386805,0.6333494272772628
RELATIVE_B,10,200,0.75,2026,B0007,158,0.399311424061474,0.05548741607458264,0.3364982059652758,0.3416086518236488,0.3826831845082964,0.5109782727959178,0.6011538878969268
RELATIVE_B,10,200,1.0,42,training,80,0.4155076461908003,0.0694268734753545,0.33442388829796454,0.3447431273561388,0.38902128281894366,0.5523151484751458,0.6538926995584758
RELATIVE_B,10,200,1.0,42,B0007,158,0.3999852992177378,0.06095929580961863,0.3369119885021346,0.34259981124689065,0.3793420684110234,0.5238955821021651,0.6241569438901868
RELATIVE_B,10,200,1.0,123,training,80,0.4151838252024064,0.06827159425974615,0.33448888611564737,0.34815470182828295,0.39208840540725903,0.5445981460021525,0.628507837447152
RELATIVE_B,10,200,1.0,123,B0007,158,0.39650564422114065,0.0604559654723378,0.33502316244078756,0.340075160793978,0.37327446345619364,0.516051599214358,0.6193631520352858
RELATIVE_B,10,200,1.0,2026,training,80,0.4170323377516484,0.0705266989686289,0.33733359556650516,0.34627987667069043,0.3906854912841644,0.5550022326350791,0.6528282840324047
RELATIVE_B,10,200,1.0,2026,B0007,158,0.39989740190225864,0.06007051707865747,0.3381604922119944,0.343503554065111,0.3802883210363621,0.5087263788298071,0.6292160730450016
RELATIVE_A,20,100,0.75,42,training,52,0.4609252228748598,0.05434133101374618,0.38540697867086454,0.3983311602451721,0.4491246613033225,0.5521169037514774,0.6521548829480669
RELATIVE_A,20,100,0.75,42,B0007,144,0.44472270244682094,0.05039233306242715,0.3820831262212961,0.38988167546457647,0.4330755400658041,0.5413535182672117,0.6457501750703235
RELATIVE_A,20,100,0.75,123,training,52,0.4596928025201396,0.056138068668215385,0.3861629502520761,0.39606464285496085,0.44527757159423076,0.5624150361980046,0.6397538269750866
RELATIVE_A,20,100,0.75,123,B0007,144,0.44383546205277047,0.05094867363156118,0.3805247117148901,0.3879235997405396,0.43529721167357877,0.5455070906889979,0.639588370509526
RELATIVE_A,20,100,0.75,2026,training,52,0.4616816190625788,0.053712406223322094,0.3902399308116181,0.4019569608902231,0.4494091351453809,0.5660369392341118,0.6494644264191426
RELATIVE_A,20,100,0.75,2026,B0007,144,0.4490973746205926,0.04786922020206335,0.38478255794764693,0.3974812072060543,0.4377600065123163,0.5415128569008847,0.6466398829220712
RELATIVE_A,20,100,1.0,42,training,52,0.46298695285938885,0.054117022089687786,0.38441955883959084,0.4018321017254948,0.4514003122999257,0.5567242315042021,0.6631788496895672
RELATIVE_A,20,100,1.0,42,B0007,144,0.44516736678025265,0.04855401007792993,0.38638328247639075,0.39128565336997456,0.4370374298092786,0.5439302827726776,0.6460533772256364
RELATIVE_A,20,100,1.0,123,training,52,0.46084179269196984,0.05548375250612943,0.38005952908260576,0.39329698676945674,0.4519314588434763,0.5559422075623806,0.6602620986725729
RELATIVE_A,20,100,1.0,123,B0007,144,0.44620086521139624,0.0468190919676287,0.380923939704557,0.3889788744407302,0.4393078926403934,0.523516341506766,0.6537897480901627
RELATIVE_A,20,100,1.0,2026,training,52,0.4583512231555285,0.05859805300744197,0.37826839808652535,0.39824412003591625,0.4429878139118867,0.5690441653638676,0.666243239528126
RELATIVE_A,20,100,1.0,2026,B0007,144,0.4427800807062656,0.04984232761313586,0.3749852891072923,0.38669926148376305,0.4338509922990652,0.5387551474402061,0.6548798807846248
RELATIVE_A,20,200,0.75,42,training,52,0.4636984573678972,0.053640251107963145,0.393290871525841,0.40097325381329413,0.45274786727469707,0.5558502796141367,0.6549941347037123
RELATIVE_A,20,200,0.75,42,B0007,144,0.44886746564816465,0.04859354582312324,0.39074929251445756,0.3952602542609085,0.4389198163779089,0.537570227469672,0.6457488916835336
RELATIVE_A,20,200,0.75,123,training,52,0.4612882749954229,0.054401818553749155,0.3888397447113119,0.39911131979675296,0.44343872538372475,0.5572239962592571,0.6431403727435846
RELATIVE_A,20,200,0.75,123,B0007,144,0.44551574160705204,0.048013049087568684,0.38584792536228796,0.3915585631043778,0.4376073049098538,0.5386935427015088,0.6293504367018158
RELATIVE_A,20,200,0.75,2026,training,52,0.46574710250917456,0.05384498713598634,0.39337302631121895,0.4080806321292519,0.45862226770566766,0.5665712868602808,0.6521603098655462
RELATIVE_A,20,200,0.75,2026,B0007,144,0.4526167802571925,0.04729729348759086,0.389821641124297,0.4012269018062892,0.44282546081946306,0.5380296190009647,0.6442749833836526
RELATIVE_A,20,200,1.0,42,training,52,0.4656915007609499,0.05414924997729691,0.3902048946868985,0.40530829339649593,0.4516459104119598,0.5597221174567997,0.6669967485579003
RELATIVE_A,20,200,1.0,42,B0007,144,0.4478614490039019,0.046385643278183855,0.3918522294385277,0.3987211774298938,0.43796791030505033,0.5452140586935351,0.6364829174213532
RELATIVE_A,20,200,1.0,123,training,52,0.46152061515316956,0.05331801971483855,0.3826489515768661,0.398049811781489,0.45073642209809694,0.5500405046890973,0.6608781345527304
RELATIVE_A,20,200,1.0,123,B0007,144,0.4451083756689498,0.0456563364446325,0.3840631066058465,0.3905776031044715,0.4366022301354741,0.5228671616764187,0.6335394352459071
RELATIVE_A,20,200,1.0,2026,training,52,0.4620409477333697,0.057751930199650234,0.3855126694184089,0.39890756038965314,0.44867243487578823,0.5743841757741424,0.6603659457559579
RELATIVE_A,20,200,1.0,2026,B0007,144,0.44539750661600824,0.048749075076399785,0.38359523705275667,0.39386877678320625,0.4350025095256228,0.5420167345619006,0.6399446484720591
RELATIVE_B,20,100,0.75,42,training,60,0.45491245831163424,0.055563534435740976,0.3862090857750462,0.39205122803538556,0.4385068384376554,0.5488629365411781,0.6265747118921466
RELATIVE_B,20,100,0.75,42,B0007,148,0.43148300779152776,0.0415181416042174,0.38090671187996106,0.3853584531662199,0.4191950734345422,0.5259338554792128,0.5612276781658446
RELATIVE_B,20,100,0.75,123,training,60,0.4491502185378746,0.059502685867887345,0.3784388156807567,0.3841256023987707,0.42452131942286075,0.5570062849082628,0.6040703103336799
RELATIVE_B,20,100,0.75,123,B0007,148,0.42397183873937977,0.03757304259345348,0.3792603416302642,0.3842919482978212,0.41184427706304627,0.4979570732639349,0.5697378020647375
RELATIVE_B,20,100,0.75,2026,training,60,0.4514649565247,0.05499682352239308,0.3834181560825789,0.39296732396860684,0.430018572540716,0.5537799295134097,0.5842277155653726
RELATIVE_B,20,100,0.75,2026,B0007,148,0.42874564756856837,0.038710252992333556,0.37891411278106035,0.38914841491093616,0.4175262250597889,0.5017665289042066,0.5689263422680229
RELATIVE_B,20,100,1.0,42,training,60,0.454177987907718,0.05849433706812229,0.38636241254707954,0.3898222238510085,0.4332735481605785,0.5646296368041542,0.5883740426638736
RELATIVE_B,20,100,1.0,42,B0007,148,0.42990267436945406,0.042067943943602366,0.3754169647433997,0.38288402282105577,0.4223949781474708,0.5213200878360678,0.5819887577684796
RELATIVE_B,20,100,1.0,123,training,60,0.45570114199342354,0.056581962921717306,0.3901551275679089,0.39210664800718953,0.43739008208720664,0.556173903418522,0.5886372698243332
RELATIVE_B,20,100,1.0,123,B0007,148,0.4282610863776398,0.0387551801618359,0.38099032860873416,0.38547813875579745,0.4198707354869454,0.5156877741311361,0.557195044029623
RELATIVE_B,20,100,1.0,2026,training,60,0.45248693422002606,0.05497372450422394,0.38453594433215454,0.39697142063305674,0.43157407936504466,0.5538325810036251,0.602577234187788
RELATIVE_B,20,100,1.0,2026,B0007,148,0.4292155861692178,0.0398148503904641,0.3857912007044605,0.3918686960603333,0.41665882570685175,0.5077930479239049,0.572134880678026
RELATIVE_B,20,200,0.75,42,training,60,0.4545967757523438,0.055953328557692035,0.3855232193616946,0.38941224934038643,0.43563784866242367,0.5605545146107127,0.6289824105688884
RELATIVE_B,20,200,0.75,42,B0007,148,0.4297467208556419,0.04105627819254173,0.38244595626183747,0.3864454256174846,0.4186196765453796,0.5099700321909989,0.5726714429272263
RELATIVE_B,20,200,0.75,123,training,60,0.45217650882860744,0.056064422617754,0.3836558692119836,0.3874029787837556,0.4316064771504069,0.5473862175688371,0.5916212134308519
RELATIVE_B,20,200,0.75,123,B0007,148,0.42864662837808143,0.039117019153173366,0.38036068316382093,0.38590346020382865,0.4170619605747638,0.5120568295041402,0.5645582965262348
RELATIVE_B,20,200,0.75,2026,training,60,0.4537834227797958,0.053449101643337556,0.3868504207879762,0.39272419221132765,0.4349249926598153,0.5529127789900632,0.5954681754811962
RELATIVE_B,20,200,0.75,2026,B0007,148,0.43093040300739865,0.03984772370431181,0.38567216805506976,0.3901572053204973,0.41980454912478715,0.5087782495949148,0.5737151818965914
RELATIVE_B,20,200,1.0,42,training,60,0.4537992015347964,0.05639905543586197,0.3870213806140061,0.3941716098954763,0.43319949813558667,0.5540436863537357,0.581694343523373
RELATIVE_B,20,200,1.0,42,B0007,148,0.4303505732125609,0.040740400972741654,0.37910107164371143,0.3873018362844201,0.42007839008585485,0.5153007822281999,0.5622580016353556
RELATIVE_B,20,200,1.0,123,training,60,0.45587843188660343,0.05655831579209893,0.39063361636390176,0.3940009657633712,0.4329963231292685,0.5482589495731283,0.5834268747354626
RELATIVE_B,20,200,1.0,123,B0007,148,0.42850002534188664,0.039716236713120495,0.3804921140754647,0.38521711455303065,0.41642423427438274,0.5122113195815073,0.5654676817688075
RELATIVE_B,20,200,1.0,2026,training,60,0.45062673045283186,0.05751395574227978,0.3845326428216208,0.3912138741532844,0.4284438361694902,0.5523986073318079,0.601134151153206
RELATIVE_B,20,200,1.0,2026,B0007,148,0.4261007797901441,0.04216392542852206,0.37911959676344265,0.38535285804855446,0.4131454627441952,0.5143459262045503,0.5709059576908172
