feature_set,history_window,n_estimators,max_features,seed,representation,early_count,late_count,early_mean,late_mean,late_minus_early
RELATIVE_A,5,100,0.75,42,relative,41,118,0.4010458256240572,0.3691367121734481,-0.031909113450609095
RELATIVE_A,5,100,0.75,42,absolute_matched_cycles,41,118,0.5019867148196208,0.6224013979722212,0.1204146831526004
RELATIVE_A,5,100,0.75,123,relative,41,118,0.3911429313176465,0.35992800559463334,-0.031214925723013154
RELATIVE_A,5,100,0.75,123,absolute_matched_cycles,41,118,0.49386764810305317,0.6472854600205825,0.15341781191752935
RELATIVE_A,5,100,0.75,2026,relative,41,118,0.3985784896573166,0.3650244067721819,-0.03355408288513473
RELATIVE_A,5,100,0.75,2026,absolute_matched_cycles,41,118,0.5120478230406527,0.6415379879822983,0.12949016494164567
RELATIVE_A,5,100,1.0,42,relative,41,118,0.39448384087376226,0.35798412977296123,-0.036499711100801024
RELATIVE_A,5,100,1.0,42,absolute_matched_cycles,41,118,0.49252017731849984,0.6354442663808526,0.14292408906235277
RELATIVE_A,5,100,1.0,123,relative,41,118,0.40169089221142085,0.36380819493469496,-0.037882697276725885
RELATIVE_A,5,100,1.0,123,absolute_matched_cycles,41,118,0.46327029369469336,0.6341850915171303,0.17091479782243696
RELATIVE_A,5,100,1.0,2026,relative,41,118,0.39655882246726915,0.3657714427729898,-0.03078737969427936
RELATIVE_A,5,100,1.0,2026,absolute_matched_cycles,41,118,0.4889362154723125,0.6344417279595687,0.14550551248725618
RELATIVE_A,5,200,0.75,42,relative,41,118,0.40193740168494496,0.3689792544366486,-0.03295814724829638
RELATIVE_A,5,200,0.75,42,absolute_matched_cycles,41,118,0.49701070530975067,0.6295038722398706,0.13249316693011992
RELATIVE_A,5,200,0.75,123,relative,41,118,0.3962161915010312,0.3636466691806905,-0.032569522320340716
RELATIVE_A,5,200,0.75,123,absolute_matched_cycles,41,118,0.4937810362074461,0.6492307332219023,0.15544969701445616
RELATIVE_A,5,200,0.75,2026,relative,41,118,0.40108224866464015,0.36520497534079344,-0.035877273323846715
RELATIVE_A,5,200,0.75,2026,absolute_matched_cycles,41,118,0.5116426485181823,0.6403573136793208,0.1287146651611385
RELATIVE_A,5,200,1.0,42,relative,41,118,0.39677492762156075,0.35979865638837155,-0.036976271233189195
RELATIVE_A,5,200,1.0,42,absolute_matched_cycles,41,118,0.49411434149636935,0.6332269806528606,0.1391126391564913
RELATIVE_A,5,200,1.0,123,relative,41,118,0.3998568902501344,0.3638640153949262,-0.03599287485520819
RELATIVE_A,5,200,1.0,123,absolute_matched_cycles,41,118,0.4724560833762998,0.635535355682529,0.16307927230622915
RELATIVE_A,5,200,1.0,2026,relative,41,118,0.39347325420367985,0.360074652779665,-0.03339860142401485
RELATIVE_A,5,200,1.0,2026,absolute_matched_cycles,41,118,0.48752269721052044,0.6348843614335193,0.1473616642229989
RELATIVE_B,5,100,0.75,42,relative,45,118,0.41201169652528946,0.370725190797473,-0.04128650572781645
RELATIVE_B,5,100,0.75,42,absolute_matched_cycles,45,118,0.5373995416252151,0.6698161332172495,0.13241659159203445
RELATIVE_B,5,100,0.75,123,relative,45,118,0.4053071144279526,0.3707667783025185,-0.03454033612543411
RELATIVE_B,5,100,0.75,123,absolute_matched_cycles,45,118,0.5271582492891268,0.6471770307371331,0.12001878144800626
RELATIVE_B,5,100,0.75,2026,relative,45,118,0.403273255007004,0.36973861014210824,-0.03353464486489577
RELATIVE_B,5,100,0.75,2026,absolute_matched_cycles,45,118,0.51416340439159,0.6349775516365099,0.1208141472449199
RELATIVE_B,5,100,1.0,42,relative,45,118,0.4028378649099008,0.36694404762558286,-0.03589381728431795
RELATIVE_B,5,100,1.0,42,absolute_matched_cycles,45,118,0.5203465478900581,0.6391782990678447,0.11883175117778666
RELATIVE_B,5,100,1.0,123,relative,45,118,0.4056233357560549,0.3660400409731333,-0.03958329478292161
RELATIVE_B,5,100,1.0,123,absolute_matched_cycles,45,118,0.5244581417242222,0.6508444687985131,0.12638632707429087
RELATIVE_B,5,100,1.0,2026,relative,45,118,0.4048317459028036,0.3629692291898718,-0.041862516712931785
RELATIVE_B,5,100,1.0,2026,absolute_matched_cycles,45,118,0.5176211216613518,0.6497426537037695,0.13212153204241772
RELATIVE_B,5,200,0.75,42,relative,45,118,0.4121075219439296,0.3742797807927031,-0.0378277411512265
RELATIVE_B,5,200,0.75,42,absolute_matched_cycles,45,118,0.5370735456108503,0.6557004224668548,0.11862687685600448
RELATIVE_B,5,200,0.75,123,relative,45,118,0.4042536419245894,0.36730702383312647,-0.036946618091462935
RELATIVE_B,5,200,0.75,123,absolute_matched_cycles,45,118,0.5251656987674955,0.6432715154686168,0.1181058167011213
RELATIVE_B,5,200,0.75,2026,relative,45,118,0.4053540058990853,0.3704817830187098,-0.0348722228803755
RELATIVE_B,5,200,0.75,2026,absolute_matched_cycles,45,118,0.5343723174201978,0.6493485635522045,0.11497624613200674
RELATIVE_B,5,200,1.0,42,relative,45,118,0.40445087378400996,0.3687613063857305,-0.03568956739827944
RELATIVE_B,5,200,1.0,42,absolute_matched_cycles,45,118,0.5179055750339778,0.649946634879035,0.1320410598450572
RELATIVE_B,5,200,1.0,123,relative,45,118,0.4070713333176523,0.3673607417066316,-0.039710591611020696
RELATIVE_B,5,200,1.0,123,absolute_matched_cycles,45,118,0.5299163229280623,0.656600402694357,0.1266840797662947
RELATIVE_B,5,200,1.0,2026,relative,45,118,0.4065240983140174,0.36718621307799504,-0.039337885236022385
RELATIVE_B,5,200,1.0,2026,absolute_matched_cycles,45,118,0.5234511038011713,0.6480467528585575,0.12459564905738618
RELATIVE_A,10,100,0.75,42,relative,36,118,0.41965600332100966,0.3842765463271023,-0.03537945699390738
RELATIVE_A,10,100,0.75,42,absolute_matched_cycles,36,118,0.5023649717300572,0.6224013979722212,0.12003642624216393
RELATIVE_A,10,100,0.75,123,relative,36,118,0.419198813001669,0.3903337114744898,-0.028865101527179193
RELATIVE_A,10,100,0.75,123,absolute_matched_cycles,36,118,0.49503236120035266,0.6472854600205825,0.15225309882022986
RELATIVE_A,10,100,0.75,2026,relative,36,118,0.42469697840589693,0.3919987799369276,-0.03269819846896932
RELATIVE_A,10,100,0.75,2026,absolute_matched_cycles,36,118,0.5144600065430806,0.6415379879822983,0.12707798143921778
RELATIVE_A,10,100,1.0,42,relative,36,118,0.4133693403717754,0.38501605893920826,-0.028353281432567157
RELATIVE_A,10,100,1.0,42,absolute_matched_cycles,36,118,0.4951660787327289,0.6354442663808526,0.14027818764812372
RELATIVE_A,10,100,1.0,123,relative,36,118,0.41683066992222906,0.382988875133339,-0.033841794788890045
RELATIVE_A,10,100,1.0,123,absolute_matched_cycles,36,118,0.4634277331060863,0.6341850915171303,0.170757358411044
RELATIVE_A,10,100,1.0,2026,relative,36,118,0.4211504694525523,0.38460901223717586,-0.03654145721537644
RELATIVE_A,10,100,1.0,2026,absolute_matched_cycles,36,118,0.49135697266444556,0.6344417279595687,0.1430847552951231
RELATIVE_A,10,200,0.75,42,relative,36,118,0.42396233715773296,0.3877072638051523,-0.03625507335258066
RELATIVE_A,10,200,0.75,42,absolute_matched_cycles,36,118,0.49730197885185423,0.6295038722398706,0.13220189338801636
RELATIVE_A,10,200,0.75,123,relative,36,118,0.4198472077404848,0.3908674754359877,-0.028979732304497074
RELATIVE_A,10,200,0.75,123,absolute_matched_cycles,36,118,0.4947148806146312,0.6492307332219023,0.15451585260727108
RELATIVE_A,10,200,0.75,2026,relative,36,118,0.4283092677888931,0.3942601897161451,-0.034049078072747985
RELATIVE_A,10,200,0.75,2026,absolute_matched_cycles,36,118,0.512616518159353,0.6403573136793208,0.12774079551996775
RELATIVE_A,10,200,1.0,42,relative,36,118,0.4191404699541631,0.3873735736590811,-0.031766896295082
RELATIVE_A,10,200,1.0,42,absolute_matched_cycles,36,118,0.49565047275603313,0.6332269806528606,0.13757650789682752
RELATIVE_A,10,200,1.0,123,relative,36,118,0.41733600513705255,0.3836592096760235,-0.03367679546102903
RELATIVE_A,10,200,1.0,123,absolute_matched_cycles,36,118,0.47271912379239744,0.635535355682529,0.1628162318901315
RELATIVE_A,10,200,1.0,2026,relative,36,118,0.4223660102899553,0.3881270676682988,-0.0342389426216565
RELATIVE_A,10,200,1.0,2026,absolute_matched_cycles,36,118,0.4890340266984114,0.6348843614335193,0.14585033473510794
RELATIVE_B,10,100,0.75,42,relative,40,118,0.41434475298538515,0.39246461037146013,-0.021880142613925013
RELATIVE_B,10,100,0.75,42,absolute_matched_cycles,40,118,0.5330123586489883,0.6698161332172495,0.1368037745682612
RELATIVE_B,10,100,0.75,123,relative,40,118,0.41744602026623207,0.39858292642309456,-0.0188630938431375
RELATIVE_B,10,100,0.75,123,absolute_matched_cycles,40,118,0.5246439035850011,0.6471770307371331,0.12253312715213194
RELATIVE_B,10,100,0.75,2026,relative,40,118,0.4138607328336267,0.39317512569252516,-0.020685607141101514
RELATIVE_B,10,100,0.75,2026,absolute_matched_cycles,40,118,0.5101542268032773,0.6349775516365099,0.12482332483323266
RELATIVE_B,10,100,1.0,42,relative,40,118,0.4121305651462361,0.38733832053976164,-0.024792244606474445
RELATIVE_B,10,100,1.0,42,absolute_matched_cycles,40,118,0.517638647299219,0.6391782990678447,0.12153965176862569
RELATIVE_B,10,100,1.0,123,relative,40,118,0.4200456238289945,0.3973953368655762,-0.02265028696341831
RELATIVE_B,10,100,1.0,123,absolute_matched_cycles,40,118,0.5205431890303769,0.6508444687985131,0.1303012797681362
RELATIVE_B,10,100,1.0,2026,relative,40,118,0.4138607599881408,0.39221357359448145,-0.021647186393659368
RELATIVE_B,10,100,1.0,2026,absolute_matched_cycles,40,118,0.5160772187367628,0.6497426537037695,0.13366543496700667
RELATIVE_B,10,200,0.75,42,relative,40,118,0.4136368631039967,0.3926460777294322,-0.020990785374564502
RELATIVE_B,10,200,0.75,42,absolute_matched_cycles,40,118,0.5330267712155746,0.6557004224668548,0.12267365125128016
RELATIVE_B,10,200,0.75,123,relative,40,118,0.4231052362265803,0.39886090234952315,-0.024244333877057156
RELATIVE_B,10,200,0.75,123,absolute_matched_cycles,40,118,0.5223550583251877,0.6432715154686168,0.12091645714342913
RELATIVE_B,10,200,0.75,2026,relative,40,118,0.41609677603167883,0.3936214742410656,-0.022475301790613245
RELATIVE_B,10,200,0.75,2026,absolute_matched_cycles,40,118,0.5309965778693165,0.6493485635522045,0.11835198568288796
RELATIVE_B,10,200,1.0,42,relative,40,118,0.4181308496898213,0.39383426515940445,-0.02429658453041683
RELATIVE_B,10,200,1.0,42,absolute_matched_cycles,40,118,0.514166677154696,0.649946634879035,0.13577995772433904
RELATIVE_B,10,200,1.0,123,relative,40,118,0.41535645794000564,0.39011553787576275,-0.02524092006424289
RELATIVE_B,10,200,1.0,123,absolute_matched_cycles,40,118,0.5261284449763639,0.656600402694357,0.13047195771799314
RELATIVE_B,10,200,1.0,2026,relative,40,118,0.4181678280059541,0.39370403712134505,-0.024463790884609038
RELATIVE_B,10,200,1.0,2026,absolute_matched_cycles,40,118,0.5212619155751269,0.6480467528585575,0.1267848372834306
RELATIVE_A,20,100,0.75,42,relative,26,118,0.46404421159275383,0.4404654207705986,-0.02357879082215525
RELATIVE_A,20,100,0.75,42,absolute_matched_cycles,26,118,0.49949205865012236,0.6224013979722212,0.1229093393220988
RELATIVE_A,20,100,0.75,123,relative,26,118,0.4666847467775941,0.4388008738930636,-0.02788387288453048
RELATIVE_A,20,100,0.75,123,absolute_matched_cycles,26,118,0.4942242146036789,0.6472854600205825,0.15306124541690364
RELATIVE_A,20,100,0.75,2026,relative,26,118,0.47071248747780514,0.444334722635105,-0.026377764842700158
RELATIVE_A,20,100,0.75,2026,absolute_matched_cycles,26,118,0.5157453220978462,0.6415379879822983,0.12579266588445215
RELATIVE_A,20,100,1.0,42,relative,26,118,0.46779630852855963,0.4401813287679138,-0.027614979760645808
RELATIVE_A,20,100,1.0,42,absolute_matched_cycles,26,118,0.4965768920444233,0.6354442663808526,0.13886737433642932
RELATIVE_A,20,100,1.0,123,relative,26,118,0.46621373721946724,0.44179124934521097,-0.02442248787425627
RELATIVE_A,20,100,1.0,123,absolute_matched_cycles,26,118,0.462009773450557,0.6341850915171303,0.17217531806657332
RELATIVE_A,20,100,1.0,2026,relative,26,118,0.4663947489289969,0.4375768487249857,-0.028817900204011204
RELATIVE_A,20,100,1.0,2026,absolute_matched_cycles,26,118,0.49045385672289676,0.6344417279595687,0.1439878712366719
RELATIVE_A,20,200,0.75,42,relative,26,118,0.46973562921581635,0.44426939570952956,-0.025466233506286795
RELATIVE_A,20,200,0.75,42,absolute_matched_cycles,26,118,0.4935807989304374,0.6295038722398706,0.1359230733094332
RELATIVE_A,20,200,0.75,123,relative,26,118,0.46662421661887965,0.44086472168919183,-0.02575949492968782
RELATIVE_A,20,200,0.75,123,absolute_matched_cycles,26,118,0.4926500419107865,0.6492307332219023,0.1565806913111158
RELATIVE_A,20,200,0.75,2026,relative,26,118,0.47691546717244127,0.4472628322928155,-0.029652634879625772
RELATIVE_A,20,200,0.75,2026,absolute_matched_cycles,26,118,0.5105893243944862,0.6403573136793208,0.12976798928483457
RELATIVE_A,20,200,1.0,42,relative,26,118,0.470491642059635,0.4428751352797572,-0.027616506779877814
RELATIVE_A,20,200,1.0,42,absolute_matched_cycles,26,118,0.4939416289942262,0.6332269806528606,0.13928535165863443
RELATIVE_A,20,200,1.0,123,relative,26,118,0.46642605937333365,0.4404112589205262,-0.026014800452807463
RELATIVE_A,20,200,1.0,123,absolute_matched_cycles,26,118,0.4709648552104317,0.635535355682529,0.16457050047209726
RELATIVE_A,20,200,1.0,2026,relative,26,118,0.4688421000248874,0.4402317487462551,-0.028610351278632318
RELATIVE_A,20,200,1.0,2026,absolute_matched_cycles,26,118,0.48591553758795053,0.6348843614335193,0.1489688238455688
RELATIVE_B,20,100,0.75,42,relative,30,118,0.4404084887515932,0.4292138177169349,-0.011194671034658321
RELATIVE_B,20,100,0.75,42,absolute_matched_cycles,30,118,0.5319374666666974,0.6698161332172495,0.13787866655055214
RELATIVE_B,20,100,0.75,123,relative,30,118,0.4234304232056539,0.4241094867564287,0.0006790635507747944
RELATIVE_B,20,100,0.75,123,absolute_matched_cycles,30,118,0.5271761218239094,0.6471770307371331,0.12000090891322368
RELATIVE_B,20,100,0.75,2026,relative,30,118,0.42949374095955817,0.42855545433357095,-0.0009382866259872169
RELATIVE_B,20,100,0.75,2026,absolute_matched_cycles,30,118,0.5137429103203155,0.6349775516365099,0.12123464131619444
RELATIVE_B,20,100,1.0,42,relative,30,118,0.4438684569724227,0.4263520516737841,-0.017516405298638626
RELATIVE_B,20,100,1.0,42,absolute_matched_cycles,30,118,0.5184871335490088,0.6391782990678447,0.12069116551883596
RELATIVE_B,20,100,1.0,123,relative,30,118,0.44133342266417064,0.4249376110505558,-0.016395811613614864
RELATIVE_B,20,100,1.0,123,absolute_matched_cycles,30,118,0.5250770859719246,0.6508444687985131,0.1257673828265885
RELATIVE_B,20,100,1.0,2026,relative,30,118,0.43488529818824706,0.4277741339609899,-0.007111164227257161
RELATIVE_B,20,100,1.0,2026,absolute_matched_cycles,30,118,0.5186716779511855,0.6497426537037695,0.13107097575258397
RELATIVE_B,20,200,0.75,42,relative,30,118,0.4359765122855127,0.4281628755768612,-0.007813636708651484
RELATIVE_B,20,200,0.75,42,absolute_matched_cycles,30,118,0.5328263716464953,0.6557004224668548,0.12287405082035951
RELATIVE_B,20,200,0.75,123,relative,30,118,0.4299090230071169,0.4283256805910385,-0.001583342416078437
RELATIVE_B,20,200,0.75,123,absolute_matched_cycles,30,118,0.5256574505563311,0.6432715154686168,0.11761406491228577
RELATIVE_B,20,200,0.75,2026,relative,30,118,0.4333553918275001,0.4303138804260169,-0.0030415114014831768
RELATIVE_B,20,200,0.75,2026,absolute_matched_cycles,30,118,0.5314827422636634,0.6493485635522045,0.11786582128854106
RELATIVE_B,20,200,1.0,42,relative,30,118,0.4399973874933595,0.4278979933106629,-0.012099394182696566
RELATIVE_B,20,200,1.0,42,absolute_matched_cycles,30,118,0.5154826597164793,0.649946634879035,0.1344639751625557
RELATIVE_B,20,200,1.0,123,relative,30,118,0.43811689374977214,0.42605505879750905,-0.012061834952263095
RELATIVE_B,20,200,1.0,123,absolute_matched_cycles,30,118,0.5288207744273058,0.656600402694357,0.12777962826705125
RELATIVE_B,20,200,1.0,2026,relative,30,118,0.43309491388595805,0.4243226101047677,-0.008772303781190371
RELATIVE_B,20,200,1.0,2026,absolute_matched_cycles,30,118,0.5230213951619604,0.6480467528585575,0.12502535769659706
