feature_set,history_window,n_estimators,max_features,seed,percentile,threshold,threshold_source,calibration_rows,clean_fpr,validation_rows
RELATIVE_A,5,100,0.75,42,95.0,0.5679095211558357,in_sample_clean_nominal_training_scores_after_required_feature_drop,82,0.05660377358490566,159
RELATIVE_A,5,100,0.75,42,97.5,0.622096891468676,in_sample_clean_nominal_training_scores_after_required_feature_drop,82,0.012578616352201259,159
RELATIVE_A,5,100,0.75,42,99.0,0.639012984361923,in_sample_clean_nominal_training_scores_after_required_feature_drop,82,0.006289308176100629,159
RELATIVE_A,5,100,0.75,123,95.0,0.5373230703684525,in_sample_clean_nominal_training_scores_after_required_feature_drop,82,0.06918238993710692,159
RELATIVE_A,5,100,0.75,123,97.5,0.5863218225868528,in_sample_clean_nominal_training_scores_after_required_feature_drop,82,0.031446540880503145,159
RELATIVE_A,5,100,0.75,123,99.0,0.6265451211522016,in_sample_clean_nominal_training_scores_after_required_feature_drop,82,0.012578616352201259,159
RELATIVE_A,5,100,0.75,2026,95.0,0.5578969509762254,in_sample_clean_nominal_training_scores_after_required_feature_drop,82,0.07547169811320754,159
RELATIVE_A,5,100,0.75,2026,97.5,0.6323973049843327,in_sample_clean_nominal_training_scores_after_required_feature_drop,82,0.012578616352201259,159
RELATIVE_A,5,100,0.75,2026,99.0,0.6440362959083832,in_sample_clean_nominal_training_scores_after_required_feature_drop,82,0.012578616352201259,159
RELATIVE_A,5,100,1.0,42,95.0,0.577987642448624,in_sample_clean_nominal_training_scores_after_required_feature_drop,82,0.03773584905660377,159
RELATIVE_A,5,100,1.0,42,97.5,0.6125053157350283,in_sample_clean_nominal_training_scores_after_required_feature_drop,82,0.018867924528301886,159
RELATIVE_A,5,100,1.0,42,99.0,0.6507677356400559,in_sample_clean_nominal_training_scores_after_required_feature_drop,82,0.012578616352201259,159
RELATIVE_A,5,100,1.0,123,95.0,0.5577081224098774,in_sample_clean_nominal_training_scores_after_required_feature_drop,82,0.07547169811320754,159
RELATIVE_A,5,100,1.0,123,97.5,0.6230339208277519,in_sample_clean_nominal_training_scores_after_required_feature_drop,82,0.025157232704402517,159
RELATIVE_A,5,100,1.0,123,99.0,0.6331361771426756,in_sample_clean_nominal_training_scores_after_required_feature_drop,82,0.018867924528301886,159
RELATIVE_A,5,100,1.0,2026,95.0,0.5510685207535122,in_sample_clean_nominal_training_scores_after_required_feature_drop,82,0.07547169811320754,159
RELATIVE_A,5,100,1.0,2026,97.5,0.6321830754392143,in_sample_clean_nominal_training_scores_after_required_feature_drop,82,0.025157232704402517,159
RELATIVE_A,5,100,1.0,2026,99.0,0.6422758325066841,in_sample_clean_nominal_training_scores_after_required_feature_drop,82,0.012578616352201259,159
RELATIVE_A,5,200,0.75,42,95.0,0.5616205823567927,in_sample_clean_nominal_training_scores_after_required_feature_drop,82,0.05660377358490566,159
RELATIVE_A,5,200,0.75,42,97.5,0.621005000836105,in_sample_clean_nominal_training_scores_after_required_feature_drop,82,0.018867924528301886,159
RELATIVE_A,5,200,0.75,42,99.0,0.6374082198955582,in_sample_clean_nominal_training_scores_after_required_feature_drop,82,0.006289308176100629,159
RELATIVE_A,5,200,0.75,123,95.0,0.5369832103270629,in_sample_clean_nominal_training_scores_after_required_feature_drop,82,0.08176100628930817,159
RELATIVE_A,5,200,0.75,123,97.5,0.5975738505161575,in_sample_clean_nominal_training_scores_after_required_feature_drop,82,0.025157232704402517,159
RELATIVE_A,5,200,0.75,123,99.0,0.6344224212948706,in_sample_clean_nominal_training_scores_after_required_feature_drop,82,0.006289308176100629,159
RELATIVE_A,5,200,0.75,2026,95.0,0.5576962885408155,in_sample_clean_nominal_training_scores_after_required_feature_drop,82,0.06918238993710692,159
RELATIVE_A,5,200,0.75,2026,97.5,0.6336047463989735,in_sample_clean_nominal_training_scores_after_required_feature_drop,82,0.018867924528301886,159
RELATIVE_A,5,200,0.75,2026,99.0,0.6422574219849688,in_sample_clean_nominal_training_scores_after_required_feature_drop,82,0.012578616352201259,159
RELATIVE_A,5,200,1.0,42,95.0,0.5582524130860557,in_sample_clean_nominal_training_scores_after_required_feature_drop,82,0.05660377358490566,159
RELATIVE_A,5,200,1.0,42,97.5,0.6124851020758967,in_sample_clean_nominal_training_scores_after_required_feature_drop,82,0.025157232704402517,159
RELATIVE_A,5,200,1.0,42,99.0,0.6395970229683864,in_sample_clean_nominal_training_scores_after_required_feature_drop,82,0.012578616352201259,159
RELATIVE_A,5,200,1.0,123,95.0,0.5689840584836696,in_sample_clean_nominal_training_scores_after_required_feature_drop,82,0.05660377358490566,159
RELATIVE_A,5,200,1.0,123,97.5,0.6273541098106875,in_sample_clean_nominal_training_scores_after_required_feature_drop,82,0.012578616352201259,159
RELATIVE_A,5,200,1.0,123,99.0,0.6370749789639577,in_sample_clean_nominal_training_scores_after_required_feature_drop,82,0.012578616352201259,159
RELATIVE_A,5,200,1.0,2026,95.0,0.559141529512339,in_sample_clean_nominal_training_scores_after_required_feature_drop,82,0.05660377358490566,159
RELATIVE_A,5,200,1.0,2026,97.5,0.6268210086664698,in_sample_clean_nominal_training_scores_after_required_feature_drop,82,0.031446540880503145,159
RELATIVE_A,5,200,1.0,2026,99.0,0.6432033095506534,in_sample_clean_nominal_training_scores_after_required_feature_drop,82,0.012578616352201259,159
RELATIVE_B,5,100,0.75,42,95.0,0.5388472111382671,in_sample_clean_nominal_training_scores_after_required_feature_drop,90,0.09202453987730061,163
RELATIVE_B,5,100,0.75,42,97.5,0.5559425839644815,in_sample_clean_nominal_training_scores_after_required_feature_drop,90,0.06134969325153374,163
RELATIVE_B,5,100,0.75,42,99.0,0.5691522236074995,in_sample_clean_nominal_training_scores_after_required_feature_drop,90,0.04294478527607362,163
RELATIVE_B,5,100,0.75,123,95.0,0.5398294212135089,in_sample_clean_nominal_training_scores_after_required_feature_drop,90,0.07975460122699386,163
RELATIVE_B,5,100,0.75,123,97.5,0.5653242221783515,in_sample_clean_nominal_training_scores_after_required_feature_drop,90,0.03680981595092025,163
RELATIVE_B,5,100,0.75,123,99.0,0.5975935460064056,in_sample_clean_nominal_training_scores_after_required_feature_drop,90,0.024539877300613498,163
RELATIVE_B,5,100,0.75,2026,95.0,0.5448227959163618,in_sample_clean_nominal_training_scores_after_required_feature_drop,90,0.0736196319018405,163
RELATIVE_B,5,100,0.75,2026,97.5,0.5571945779732618,in_sample_clean_nominal_training_scores_after_required_feature_drop,90,0.06134969325153374,163
RELATIVE_B,5,100,0.75,2026,99.0,0.5640048194502011,in_sample_clean_nominal_training_scores_after_required_feature_drop,90,0.05521472392638037,163
RELATIVE_B,5,100,1.0,42,95.0,0.5446867065271129,in_sample_clean_nominal_training_scores_after_required_feature_drop,90,0.08588957055214724,163
RELATIVE_B,5,100,1.0,42,97.5,0.5697895062037779,in_sample_clean_nominal_training_scores_after_required_feature_drop,90,0.04294478527607362,163
RELATIVE_B,5,100,1.0,42,99.0,0.596592846400996,in_sample_clean_nominal_training_scores_after_required_feature_drop,90,0.03680981595092025,163
RELATIVE_B,5,100,1.0,123,95.0,0.5471165732215396,in_sample_clean_nominal_training_scores_after_required_feature_drop,90,0.06748466257668712,163
RELATIVE_B,5,100,1.0,123,97.5,0.5690010862234613,in_sample_clean_nominal_training_scores_after_required_feature_drop,90,0.04294478527607362,163
RELATIVE_B,5,100,1.0,123,99.0,0.5893512802351918,in_sample_clean_nominal_training_scores_after_required_feature_drop,90,0.03680981595092025,163
RELATIVE_B,5,100,1.0,2026,95.0,0.5509394421424315,in_sample_clean_nominal_training_scores_after_required_feature_drop,90,0.05521472392638037,163
RELATIVE_B,5,100,1.0,2026,97.5,0.5680244233181047,in_sample_clean_nominal_training_scores_after_required_feature_drop,90,0.05521472392638037,163
RELATIVE_B,5,100,1.0,2026,99.0,0.5805465452394157,in_sample_clean_nominal_training_scores_after_required_feature_drop,90,0.049079754601226995,163
RELATIVE_B,5,200,0.75,42,95.0,0.5374348554881024,in_sample_clean_nominal_training_scores_after_required_feature_drop,90,0.07975460122699386,163
RELATIVE_B,5,200,0.75,42,97.5,0.5692904803979765,in_sample_clean_nominal_training_scores_after_required_feature_drop,90,0.049079754601226995,163
RELATIVE_B,5,200,0.75,42,99.0,0.5760973870270192,in_sample_clean_nominal_training_scores_after_required_feature_drop,90,0.04294478527607362,163
RELATIVE_B,5,200,0.75,123,95.0,0.5347665473873942,in_sample_clean_nominal_training_scores_after_required_feature_drop,90,0.08588957055214724,163
RELATIVE_B,5,200,0.75,123,97.5,0.5535558639755724,in_sample_clean_nominal_training_scores_after_required_feature_drop,90,0.049079754601226995,163
RELATIVE_B,5,200,0.75,123,99.0,0.6089606107004795,in_sample_clean_nominal_training_scores_after_required_feature_drop,90,0.012269938650306749,163
RELATIVE_B,5,200,0.75,2026,95.0,0.5395323593511812,in_sample_clean_nominal_training_scores_after_required_feature_drop,90,0.07975460122699386,163
RELATIVE_B,5,200,0.75,2026,97.5,0.5522876840652465,in_sample_clean_nominal_training_scores_after_required_feature_drop,90,0.06748466257668712,163
RELATIVE_B,5,200,0.75,2026,99.0,0.5861748236991273,in_sample_clean_nominal_training_scores_after_required_feature_drop,90,0.024539877300613498,163
RELATIVE_B,5,200,1.0,42,95.0,0.5399567581063357,in_sample_clean_nominal_training_scores_after_required_feature_drop,90,0.09815950920245399,163
RELATIVE_B,5,200,1.0,42,97.5,0.5661827124688145,in_sample_clean_nominal_training_scores_after_required_feature_drop,90,0.04294478527607362,163
RELATIVE_B,5,200,1.0,42,99.0,0.602940455866812,in_sample_clean_nominal_training_scores_after_required_feature_drop,90,0.024539877300613498,163
RELATIVE_B,5,200,1.0,123,95.0,0.5448561427177935,in_sample_clean_nominal_training_scores_after_required_feature_drop,90,0.08588957055214724,163
RELATIVE_B,5,200,1.0,123,97.5,0.5695939350429848,in_sample_clean_nominal_training_scores_after_required_feature_drop,90,0.049079754601226995,163
RELATIVE_B,5,200,1.0,123,99.0,0.5975572670080234,in_sample_clean_nominal_training_scores_after_required_feature_drop,90,0.018404907975460124,163
RELATIVE_B,5,200,1.0,2026,95.0,0.5536198360770317,in_sample_clean_nominal_training_scores_after_required_feature_drop,90,0.06748466257668712,163
RELATIVE_B,5,200,1.0,2026,97.5,0.557995522098676,in_sample_clean_nominal_training_scores_after_required_feature_drop,90,0.06748466257668712,163
RELATIVE_B,5,200,1.0,2026,99.0,0.5927258980154497,in_sample_clean_nominal_training_scores_after_required_feature_drop,90,0.03680981595092025,163
RELATIVE_A,10,100,0.75,42,95.0,0.604848796381892,in_sample_clean_nominal_training_scores_after_required_feature_drop,72,0.0,154
RELATIVE_A,10,100,0.75,42,97.5,0.6171348001523168,in_sample_clean_nominal_training_scores_after_required_feature_drop,72,0.0,154
RELATIVE_A,10,100,0.75,42,99.0,0.6438840366379855,in_sample_clean_nominal_training_scores_after_required_feature_drop,72,0.0,154
RELATIVE_A,10,100,0.75,123,95.0,0.5619598997902882,in_sample_clean_nominal_training_scores_after_required_feature_drop,72,0.025974025974025976,154
RELATIVE_A,10,100,0.75,123,97.5,0.6250894099032078,in_sample_clean_nominal_training_scores_after_required_feature_drop,72,0.0,154
RELATIVE_A,10,100,0.75,123,99.0,0.6318573854436524,in_sample_clean_nominal_training_scores_after_required_feature_drop,72,0.0,154
RELATIVE_A,10,100,0.75,2026,95.0,0.5630532332019038,in_sample_clean_nominal_training_scores_after_required_feature_drop,72,0.025974025974025976,154
RELATIVE_A,10,100,0.75,2026,97.5,0.6124800273834636,in_sample_clean_nominal_training_scores_after_required_feature_drop,72,0.0,154
RELATIVE_A,10,100,0.75,2026,99.0,0.6280439201849165,in_sample_clean_nominal_training_scores_after_required_feature_drop,72,0.0,154
RELATIVE_A,10,100,1.0,42,95.0,0.5676108440679148,in_sample_clean_nominal_training_scores_after_required_feature_drop,72,0.01948051948051948,154
RELATIVE_A,10,100,1.0,42,97.5,0.6189250946541076,in_sample_clean_nominal_training_scores_after_required_feature_drop,72,0.0,154
RELATIVE_A,10,100,1.0,42,99.0,0.6334692550739233,in_sample_clean_nominal_training_scores_after_required_feature_drop,72,0.0,154
RELATIVE_A,10,100,1.0,123,95.0,0.5806450508550549,in_sample_clean_nominal_training_scores_after_required_feature_drop,72,0.01948051948051948,154
RELATIVE_A,10,100,1.0,123,97.5,0.6171016706950081,in_sample_clean_nominal_training_scores_after_required_feature_drop,72,0.0,154
RELATIVE_A,10,100,1.0,123,99.0,0.6270035198496052,in_sample_clean_nominal_training_scores_after_required_feature_drop,72,0.0,154
RELATIVE_A,10,100,1.0,2026,95.0,0.6014627127027548,in_sample_clean_nominal_training_scores_after_required_feature_drop,72,0.012987012987012988,154
RELATIVE_A,10,100,1.0,2026,97.5,0.6167566647643997,in_sample_clean_nominal_training_scores_after_required_feature_drop,72,0.006493506493506494,154
RELATIVE_A,10,100,1.0,2026,99.0,0.6210794648449106,in_sample_clean_nominal_training_scores_after_required_feature_drop,72,0.006493506493506494,154
RELATIVE_A,10,200,0.75,42,95.0,0.576315874489765,in_sample_clean_nominal_training_scores_after_required_feature_drop,72,0.01948051948051948,154
RELATIVE_A,10,200,0.75,42,97.5,0.6262030291466182,in_sample_clean_nominal_training_scores_after_required_feature_drop,72,0.0,154
RELATIVE_A,10,200,0.75,42,99.0,0.6281191776327902,in_sample_clean_nominal_training_scores_after_required_feature_drop,72,0.0,154
RELATIVE_A,10,200,0.75,123,95.0,0.5584241971409729,in_sample_clean_nominal_training_scores_after_required_feature_drop,72,0.025974025974025976,154
RELATIVE_A,10,200,0.75,123,97.5,0.6167960354568564,in_sample_clean_nominal_training_scores_after_required_feature_drop,72,0.0,154
RELATIVE_A,10,200,0.75,123,99.0,0.6205830923294441,in_sample_clean_nominal_training_scores_after_required_feature_drop,72,0.0,154
RELATIVE_A,10,200,0.75,2026,95.0,0.568274973098145,in_sample_clean_nominal_training_scores_after_required_feature_drop,72,0.01948051948051948,154
RELATIVE_A,10,200,0.75,2026,97.5,0.6171892118871244,in_sample_clean_nominal_training_scores_after_required_feature_drop,72,0.0,154
RELATIVE_A,10,200,0.75,2026,99.0,0.6234102874623231,in_sample_clean_nominal_training_scores_after_required_feature_drop,72,0.0,154
RELATIVE_A,10,200,1.0,42,95.0,0.5706868808454005,in_sample_clean_nominal_training_scores_after_required_feature_drop,72,0.012987012987012988,154
RELATIVE_A,10,200,1.0,42,97.5,0.6126967301697132,in_sample_clean_nominal_training_scores_after_required_feature_drop,72,0.0,154
RELATIVE_A,10,200,1.0,42,99.0,0.6277274290528456,in_sample_clean_nominal_training_scores_after_required_feature_drop,72,0.0,154
RELATIVE_A,10,200,1.0,123,95.0,0.5728784412979144,in_sample_clean_nominal_training_scores_after_required_feature_drop,72,0.025974025974025976,154
RELATIVE_A,10,200,1.0,123,97.5,0.6138173121270384,in_sample_clean_nominal_training_scores_after_required_feature_drop,72,0.0,154
RELATIVE_A,10,200,1.0,123,99.0,0.6164947246777877,in_sample_clean_nominal_training_scores_after_required_feature_drop,72,0.0,154
RELATIVE_A,10,200,1.0,2026,95.0,0.5911354686135587,in_sample_clean_nominal_training_scores_after_required_feature_drop,72,0.012987012987012988,154
RELATIVE_A,10,200,1.0,2026,97.5,0.6183625980464444,in_sample_clean_nominal_training_scores_after_required_feature_drop,72,0.006493506493506494,154
RELATIVE_A,10,200,1.0,2026,99.0,0.6233982623271884,in_sample_clean_nominal_training_scores_after_required_feature_drop,72,0.0,154
RELATIVE_B,10,100,0.75,42,95.0,0.5451006612417948,in_sample_clean_nominal_training_scores_after_required_feature_drop,80,0.0189873417721519,158
RELATIVE_B,10,100,0.75,42,97.5,0.5940965701875562,in_sample_clean_nominal_training_scores_after_required_feature_drop,80,0.006329113924050633,158
RELATIVE_B,10,100,0.75,42,99.0,0.6075422720631378,in_sample_clean_nominal_training_scores_after_required_feature_drop,80,0.006329113924050633,158
RELATIVE_B,10,100,0.75,123,95.0,0.5367558386440202,in_sample_clean_nominal_training_scores_after_required_feature_drop,80,0.05063291139240506,158
RELATIVE_B,10,100,0.75,123,97.5,0.5678696639978582,in_sample_clean_nominal_training_scores_after_required_feature_drop,80,0.012658227848101266,158
RELATIVE_B,10,100,0.75,123,99.0,0.6013390339036442,in_sample_clean_nominal_training_scores_after_required_feature_drop,80,0.012658227848101266,158
RELATIVE_B,10,100,0.75,2026,95.0,0.5397725864215139,in_sample_clean_nominal_training_scores_after_required_feature_drop,80,0.0189873417721519,158
RELATIVE_B,10,100,0.75,2026,97.5,0.578716506182616,in_sample_clean_nominal_training_scores_after_required_feature_drop,80,0.012658227848101266,158
RELATIVE_B,10,100,0.75,2026,99.0,0.6151051873584047,in_sample_clean_nominal_training_scores_after_required_feature_drop,80,0.0,158
RELATIVE_B,10,100,1.0,42,95.0,0.5548682376720724,in_sample_clean_nominal_training_scores_after_required_feature_drop,80,0.0189873417721519,158
RELATIVE_B,10,100,1.0,42,97.5,0.5897900944184286,in_sample_clean_nominal_training_scores_after_required_feature_drop,80,0.0189873417721519,158
RELATIVE_B,10,100,1.0,42,99.0,0.6260989696377472,in_sample_clean_nominal_training_scores_after_required_feature_drop,80,0.006329113924050633,158
RELATIVE_B,10,100,1.0,123,95.0,0.5371306863855698,in_sample_clean_nominal_training_scores_after_required_feature_drop,80,0.0379746835443038,158
RELATIVE_B,10,100,1.0,123,97.5,0.600432171751242,in_sample_clean_nominal_training_scores_after_required_feature_drop,80,0.0189873417721519,158
RELATIVE_B,10,100,1.0,123,99.0,0.6102161996771595,in_sample_clean_nominal_training_scores_after_required_feature_drop,80,0.006329113924050633,158
RELATIVE_B,10,100,1.0,2026,95.0,0.5517826831889318,in_sample_clean_nominal_training_scores_after_required_feature_drop,80,0.0189873417721519,158
RELATIVE_B,10,100,1.0,2026,97.5,0.5884630705672544,in_sample_clean_nominal_training_scores_after_required_feature_drop,80,0.012658227848101266,158
RELATIVE_B,10,100,1.0,2026,99.0,0.6290703147185265,in_sample_clean_nominal_training_scores_after_required_feature_drop,80,0.0,158
RELATIVE_B,10,200,0.75,42,95.0,0.540861445635164,in_sample_clean_nominal_training_scores_after_required_feature_drop,80,0.03164556962025317,158
RELATIVE_B,10,200,0.75,42,97.5,0.5894471844358777,in_sample_clean_nominal_training_scores_after_required_feature_drop,80,0.012658227848101266,158
RELATIVE_B,10,200,0.75,42,99.0,0.61517983233989,in_sample_clean_nominal_training_scores_after_required_feature_drop,80,0.006329113924050633,158
RELATIVE_B,10,200,0.75,123,95.0,0.5414269362857094,in_sample_clean_nominal_training_scores_after_required_feature_drop,80,0.03164556962025317,158
RELATIVE_B,10,200,0.75,123,97.5,0.5778496986438261,in_sample_clean_nominal_training_scores_after_required_feature_drop,80,0.012658227848101266,158
RELATIVE_B,10,200,0.75,123,99.0,0.6169893756903431,in_sample_clean_nominal_training_scores_after_required_feature_drop,80,0.006329113924050633,158
RELATIVE_B,10,200,0.75,2026,95.0,0.533349703386805,in_sample_clean_nominal_training_scores_after_required_feature_drop,80,0.02531645569620253,158
RELATIVE_B,10,200,0.75,2026,97.5,0.591513007930827,in_sample_clean_nominal_training_scores_after_required_feature_drop,80,0.012658227848101266,158
RELATIVE_B,10,200,0.75,2026,99.0,0.6125711693428074,in_sample_clean_nominal_training_scores_after_required_feature_drop,80,0.0,158
RELATIVE_B,10,200,1.0,42,95.0,0.5523151484751458,in_sample_clean_nominal_training_scores_after_required_feature_drop,80,0.02531645569620253,158
RELATIVE_B,10,200,1.0,42,97.5,0.5906690302152824,in_sample_clean_nominal_training_scores_after_required_feature_drop,80,0.0189873417721519,158
RELATIVE_B,10,200,1.0,42,99.0,0.6236014200644857,in_sample_clean_nominal_training_scores_after_required_feature_drop,80,0.006329113924050633,158
RELATIVE_B,10,200,1.0,123,95.0,0.5445981460021525,in_sample_clean_nominal_training_scores_after_required_feature_drop,80,0.02531645569620253,158
RELATIVE_B,10,200,1.0,123,97.5,0.613211725489987,in_sample_clean_nominal_training_scores_after_required_feature_drop,80,0.006329113924050633,158
RELATIVE_B,10,200,1.0,123,99.0,0.6179334378124298,in_sample_clean_nominal_training_scores_after_required_feature_drop,80,0.006329113924050633,158
RELATIVE_B,10,200,1.0,2026,95.0,0.5550022326350791,in_sample_clean_nominal_training_scores_after_required_feature_drop,80,0.02531645569620253,158
RELATIVE_B,10,200,1.0,2026,97.5,0.5959664669390605,in_sample_clean_nominal_training_scores_after_required_feature_drop,80,0.012658227848101266,158
RELATIVE_B,10,200,1.0,2026,99.0,0.6307195915603998,in_sample_clean_nominal_training_scores_after_required_feature_drop,80,0.0,158
RELATIVE_A,20,100,0.75,42,95.0,0.5521169037514774,in_sample_clean_nominal_training_scores_after_required_feature_drop,52,0.041666666666666664,144
RELATIVE_A,20,100,0.75,42,97.5,0.559422478144164,in_sample_clean_nominal_training_scores_after_required_feature_drop,52,0.034722222222222224,144
RELATIVE_A,20,100,0.75,42,99.0,0.6061662899444286,in_sample_clean_nominal_training_scores_after_required_feature_drop,52,0.020833333333333332,144
RELATIVE_A,20,100,0.75,123,95.0,0.5624150361980046,in_sample_clean_nominal_training_scores_after_required_feature_drop,52,0.034722222222222224,144
RELATIVE_A,20,100,0.75,123,97.5,0.5726626677837221,in_sample_clean_nominal_training_scores_after_required_feature_drop,52,0.034722222222222224,144
RELATIVE_A,20,100,0.75,123,99.0,0.6058715955176854,in_sample_clean_nominal_training_scores_after_required_feature_drop,52,0.020833333333333332,144
RELATIVE_A,20,100,0.75,2026,95.0,0.5660369392341118,in_sample_clean_nominal_training_scores_after_required_feature_drop,52,0.034722222222222224,144
RELATIVE_A,20,100,0.75,2026,97.5,0.567536521947559,in_sample_clean_nominal_training_scores_after_required_feature_drop,52,0.034722222222222224,144
RELATIVE_A,20,100,0.75,2026,99.0,0.6078051006318559,in_sample_clean_nominal_training_scores_after_required_feature_drop,52,0.027777777777777776,144
RELATIVE_A,20,100,1.0,42,95.0,0.5567242315042021,in_sample_clean_nominal_training_scores_after_required_feature_drop,52,0.034722222222222224,144
RELATIVE_A,20,100,1.0,42,97.5,0.5675776045938508,in_sample_clean_nominal_training_scores_after_required_feature_drop,52,0.034722222222222224,144
RELATIVE_A,20,100,1.0,42,99.0,0.61487842119113,in_sample_clean_nominal_training_scores_after_required_feature_drop,52,0.020833333333333332,144
RELATIVE_A,20,100,1.0,123,95.0,0.5559422075623806,in_sample_clean_nominal_training_scores_after_required_feature_drop,52,0.034722222222222224,144
RELATIVE_A,20,100,1.0,123,97.5,0.5756653535688341,in_sample_clean_nominal_training_scores_after_required_feature_drop,52,0.027777777777777776,144
RELATIVE_A,20,100,1.0,123,99.0,0.6195381754245095,in_sample_clean_nominal_training_scores_after_required_feature_drop,52,0.006944444444444444,144
RELATIVE_A,20,100,1.0,2026,95.0,0.5690441653638676,in_sample_clean_nominal_training_scores_after_required_feature_drop,52,0.034722222222222224,144
RELATIVE_A,20,100,1.0,2026,97.5,0.5750055721443234,in_sample_clean_nominal_training_scores_after_required_feature_drop,52,0.027777777777777776,144
RELATIVE_A,20,100,1.0,2026,99.0,0.6198095578012053,in_sample_clean_nominal_training_scores_after_required_feature_drop,52,0.020833333333333332,144
RELATIVE_A,20,200,0.75,42,95.0,0.5558502796141367,in_sample_clean_nominal_training_scores_after_required_feature_drop,52,0.041666666666666664,144
RELATIVE_A,20,200,0.75,42,97.5,0.5613784981841858,in_sample_clean_nominal_training_scores_after_required_feature_drop,52,0.034722222222222224,144
RELATIVE_A,20,200,0.75,42,99.0,0.6079876029838152,in_sample_clean_nominal_training_scores_after_required_feature_drop,52,0.020833333333333332,144
RELATIVE_A,20,200,0.75,123,95.0,0.5572239962592571,in_sample_clean_nominal_training_scores_after_required_feature_drop,52,0.034722222222222224,144
RELATIVE_A,20,200,0.75,123,97.5,0.5681295361791984,in_sample_clean_nominal_training_scores_after_required_feature_drop,52,0.034722222222222224,144
RELATIVE_A,20,200,0.75,123,99.0,0.6067710151282367,in_sample_clean_nominal_training_scores_after_required_feature_drop,52,0.020833333333333332,144
RELATIVE_A,20,200,0.75,2026,95.0,0.5665712868602808,in_sample_clean_nominal_training_scores_after_required_feature_drop,52,0.034722222222222224,144
RELATIVE_A,20,200,0.75,2026,97.5,0.5713545630705855,in_sample_clean_nominal_training_scores_after_required_feature_drop,52,0.034722222222222224,144
RELATIVE_A,20,200,0.75,2026,99.0,0.6110963644153683,in_sample_clean_nominal_training_scores_after_required_feature_drop,52,0.020833333333333332,144
RELATIVE_A,20,200,1.0,42,95.0,0.5597221174567997,in_sample_clean_nominal_training_scores_after_required_feature_drop,52,0.034722222222222224,144
RELATIVE_A,20,200,1.0,42,97.5,0.5673784489750437,in_sample_clean_nominal_training_scores_after_required_feature_drop,52,0.027777777777777776,144
RELATIVE_A,20,200,1.0,42,99.0,0.6169947618963119,in_sample_clean_nominal_training_scores_after_required_feature_drop,52,0.020833333333333332,144
RELATIVE_A,20,200,1.0,123,95.0,0.5500405046890973,in_sample_clean_nominal_training_scores_after_required_feature_drop,52,0.034722222222222224,144
RELATIVE_A,20,200,1.0,123,97.5,0.5592583111234746,in_sample_clean_nominal_training_scores_after_required_feature_drop,52,0.027777777777777776,144
RELATIVE_A,20,200,1.0,123,99.0,0.6107936201425578,in_sample_clean_nominal_training_scores_after_required_feature_drop,52,0.020833333333333332,144
RELATIVE_A,20,200,1.0,2026,95.0,0.5743841757741424,in_sample_clean_nominal_training_scores_after_required_feature_drop,52,0.027777777777777776,144
RELATIVE_A,20,200,1.0,2026,97.5,0.5868496170406153,in_sample_clean_nominal_training_scores_after_required_feature_drop,52,0.027777777777777776,144
RELATIVE_A,20,200,1.0,2026,99.0,0.6237491385429648,in_sample_clean_nominal_training_scores_after_required_feature_drop,52,0.013888888888888888,144
RELATIVE_B,20,100,0.75,42,95.0,0.5488629365411781,in_sample_clean_nominal_training_scores_after_required_feature_drop,60,0.02027027027027027,148
RELATIVE_B,20,100,0.75,42,97.5,0.5700884763952276,in_sample_clean_nominal_training_scores_after_required_feature_drop,60,0.0,148
RELATIVE_B,20,100,0.75,42,99.0,0.5987613075900193,in_sample_clean_nominal_training_scores_after_required_feature_drop,60,0.0,148
RELATIVE_B,20,100,0.75,123,95.0,0.5570062849082628,in_sample_clean_nominal_training_scores_after_required_feature_drop,60,0.006756756756756757,148
RELATIVE_B,20,100,0.75,123,97.5,0.5848522024170365,in_sample_clean_nominal_training_scores_after_required_feature_drop,60,0.0,148
RELATIVE_B,20,100,0.75,123,99.0,0.5980766503090067,in_sample_clean_nominal_training_scores_after_required_feature_drop,60,0.0,148
RELATIVE_B,20,100,0.75,2026,95.0,0.5537799295134097,in_sample_clean_nominal_training_scores_after_required_feature_drop,60,0.02027027027027027,148
RELATIVE_B,20,100,0.75,2026,97.5,0.5753818474750971,in_sample_clean_nominal_training_scores_after_required_feature_drop,60,0.0,148
RELATIVE_B,20,100,0.75,2026,99.0,0.5814240971483141,in_sample_clean_nominal_training_scores_after_required_feature_drop,60,0.0,148
RELATIVE_B,20,100,1.0,42,95.0,0.5646296368041542,in_sample_clean_nominal_training_scores_after_required_feature_drop,60,0.006756756756756757,148
RELATIVE_B,20,100,1.0,42,97.5,0.5696755226027296,in_sample_clean_nominal_training_scores_after_required_feature_drop,60,0.006756756756756757,148
RELATIVE_B,20,100,1.0,42,99.0,0.5796344836679473,in_sample_clean_nominal_training_scores_after_required_feature_drop,60,0.006756756756756757,148
RELATIVE_B,20,100,1.0,123,95.0,0.556173903418522,in_sample_clean_nominal_training_scores_after_required_feature_drop,60,0.006756756756756757,148
RELATIVE_B,20,100,1.0,123,97.5,0.5747743617221296,in_sample_clean_nominal_training_scores_after_required_feature_drop,60,0.0,148
RELATIVE_B,20,100,1.0,123,99.0,0.5830642479789082,in_sample_clean_nominal_training_scores_after_required_feature_drop,60,0.0,148
RELATIVE_B,20,100,1.0,2026,95.0,0.5538325810036251,in_sample_clean_nominal_training_scores_after_required_feature_drop,60,0.02027027027027027,148
RELATIVE_B,20,100,1.0,2026,97.5,0.580153892628061,in_sample_clean_nominal_training_scores_after_required_feature_drop,60,0.0,148
RELATIVE_B,20,100,1.0,2026,99.0,0.5948398111586712,in_sample_clean_nominal_training_scores_after_required_feature_drop,60,0.0,148
RELATIVE_B,20,200,0.75,42,95.0,0.5605545146107127,in_sample_clean_nominal_training_scores_after_required_feature_drop,60,0.013513513513513514,148
RELATIVE_B,20,200,0.75,42,97.5,0.5674465351480557,in_sample_clean_nominal_training_scores_after_required_feature_drop,60,0.006756756756756757,148
RELATIVE_B,20,200,0.75,42,99.0,0.5942688545345017,in_sample_clean_nominal_training_scores_after_required_feature_drop,60,0.0,148
RELATIVE_B,20,200,0.75,123,95.0,0.5473862175688371,in_sample_clean_nominal_training_scores_after_required_feature_drop,60,0.02027027027027027,148
RELATIVE_B,20,200,0.75,123,97.5,0.5793951229115177,in_sample_clean_nominal_training_scores_after_required_feature_drop,60,0.0,148
RELATIVE_B,20,200,0.75,123,99.0,0.5904731622046614,in_sample_clean_nominal_training_scores_after_required_feature_drop,60,0.0,148
RELATIVE_B,20,200,0.75,2026,95.0,0.5529127789900632,in_sample_clean_nominal_training_scores_after_required_feature_drop,60,0.02702702702702703,148
RELATIVE_B,20,200,0.75,2026,97.5,0.569822147176851,in_sample_clean_nominal_training_scores_after_required_feature_drop,60,0.013513513513513514,148
RELATIVE_B,20,200,0.75,2026,99.0,0.5863261968966366,in_sample_clean_nominal_training_scores_after_required_feature_drop,60,0.0,148
RELATIVE_B,20,200,1.0,42,95.0,0.5540436863537357,in_sample_clean_nominal_training_scores_after_required_feature_drop,60,0.02027027027027027,148
RELATIVE_B,20,200,1.0,42,97.5,0.5775461349116844,in_sample_clean_nominal_training_scores_after_required_feature_drop,60,0.0,148
RELATIVE_B,20,200,1.0,42,99.0,0.5804359442770123,in_sample_clean_nominal_training_scores_after_required_feature_drop,60,0.0,148
RELATIVE_B,20,200,1.0,123,95.0,0.5482589495731283,in_sample_clean_nominal_training_scores_after_required_feature_drop,60,0.013513513513513514,148
RELATIVE_B,20,200,1.0,123,97.5,0.5807210801803464,in_sample_clean_nominal_training_scores_after_required_feature_drop,60,0.0,148
RELATIVE_B,20,200,1.0,123,99.0,0.582887290823609,in_sample_clean_nominal_training_scores_after_required_feature_drop,60,0.0,148
RELATIVE_B,20,200,1.0,2026,95.0,0.5523986073318079,in_sample_clean_nominal_training_scores_after_required_feature_drop,60,0.02027027027027027,148
RELATIVE_B,20,200,1.0,2026,97.5,0.581821271338371,in_sample_clean_nominal_training_scores_after_required_feature_drop,60,0.0,148
RELATIVE_B,20,200,1.0,2026,99.0,0.5973532845071139,in_sample_clean_nominal_training_scores_after_required_feature_drop,60,0.0,148
