feature_set,history_window,n_estimators,max_features,percentile,threshold_mean,threshold_std,clean_fpr_mean,clean_fpr_std
RELATIVE_A,5,100,0.75,95.0,0.5543765141668379,0.015594160748142925,0.06708595387840671,0.009607076928628592
RELATIVE_A,5,100,0.75,97.5,0.6136053396799538,0.024182997299249952,0.018867924528301886,0.010893401305464637
RELATIVE_A,5,100,0.75,99.0,0.636531467140836,0.009005761732176506,0.010482180293501049,0.0036311337684882122
RELATIVE_A,5,100,1.0,95.0,0.5622547618706712,0.014023684465891839,0.06289308176100629,0.02178680261092927
RELATIVE_A,5,100,1.0,97.5,0.6225741040006648,0.00984693507543212,0.023060796645702306,0.003631133768488212
RELATIVE_A,5,100,1.0,99.0,0.6420599150964718,0.00881776213149688,0.014675052410901468,0.003631133768488212
RELATIVE_A,5,200,0.75,95.0,0.5521000270748904,0.013237772921797614,0.06918238993710692,0.012578616352201255
RELATIVE_A,5,200,0.75,97.5,0.6173945325837453,0.0182847744115303,0.020964360587002098,0.003631133768488213
RELATIVE_A,5,200,0.75,99.0,0.6380293543917992,0.003954259096249941,0.008385744234800839,0.0036311337684882127
RELATIVE_A,5,200,1.0,95.0,0.562126000360688,0.0059558671004746565,0.05660377358490567,0.0
RELATIVE_A,5,200,1.0,97.5,0.6222200735176847,0.008434945224292348,0.023060796645702306,0.009607076928628595
RELATIVE_A,5,200,1.0,99.0,0.6399584371609991,0.00308010943132284,0.01257861635220126,0.0
RELATIVE_A,10,100,0.75,95.0,0.5766206431246946,0.02445240932344102,0.017316017316017316,0.014996110888042228
RELATIVE_A,10,100,0.75,97.5,0.6182347458129961,0.006376248287562439,0.0,0.0
RELATIVE_A,10,100,0.75,99.0,0.6345951140888515,0.008267326708964346,0.0,0.0
RELATIVE_A,10,100,1.0,95.0,0.5832395358752415,0.017074418493980826,0.017316017316017316,0.003749027722010556
RELATIVE_A,10,100,1.0,97.5,0.6175944767045052,0.0011651889841961121,0.0021645021645021645,0.0037490277220105575
RELATIVE_A,10,100,1.0,99.0,0.627184079922813,0.006196868316719486,0.0021645021645021645,0.0037490277220105575
RELATIVE_A,10,200,0.75,95.0,0.5676716815762943,0.008961082528554922,0.021645021645021644,0.003749027722010558
RELATIVE_A,10,200,0.75,97.5,0.6200627588301996,0.005321262688060763,0.0,0.0
RELATIVE_A,10,200,0.75,99.0,0.6240375191415192,0.003806994892217195,0.0,0.0
RELATIVE_A,10,200,1.0,95.0,0.5782335969189579,0.011226952134137434,0.017316017316017316,0.007498055444021115
RELATIVE_A,10,200,1.0,97.5,0.6149588801143987,0.0030004829280414406,0.0021645021645021645,0.0037490277220105575
RELATIVE_A,10,200,1.0,99.0,0.6225401386859405,0.00566530617284829,0.0,0.0
RELATIVE_A,20,100,0.75,95.0,0.5601896263945313,0.007221923812565225,0.037037037037037035,0.0040093768693724025
RELATIVE_A,20,100,0.75,97.5,0.5665405559584817,0.00667604797851348,0.034722222222222224,0.0
RELATIVE_A,20,100,0.75,99.0,0.60661432869799,0.0010417123164053125,0.02314814814814815,0.004009376869372401
RELATIVE_A,20,100,1.0,95.0,0.5605702014768168,0.007349077379554352,0.034722222222222224,0.0
RELATIVE_A,20,100,1.0,97.5,0.572749510102336,0.004491133801564786,0.03009259259259259,0.0040093768693724025
RELATIVE_A,20,100,1.0,99.0,0.618075384805615,0.002771974812809559,0.016203703703703703,0.008018753738744801
RELATIVE_A,20,200,0.75,95.0,0.5598818542445582,0.00583379429663837,0.037037037037037035,0.0040093768693724025
RELATIVE_A,20,200,0.75,97.5,0.5669541991446566,0.0050908280773356365,0.034722222222222224,0.0
RELATIVE_A,20,200,0.75,99.0,0.60861832750914,0.0022305877440838267,0.020833333333333332,0.0
RELATIVE_A,20,200,1.0,95.0,0.5613822659733464,0.012256453414302189,0.032407407407407406,0.004009376869372402
RELATIVE_A,20,200,1.0,97.5,0.5711621257130446,0.014179463946023404,0.027777777777777776,0.0
RELATIVE_A,20,200,1.0,99.0,0.6171791735272781,0.0064797276171956264,0.018518518518518517,0.004009376869372401
RELATIVE_B,5,100,0.75,95.0,0.5411664760893792,0.0032043236674633717,0.081799591002045,0.009371320439582496
RELATIVE_B,5,100,0.75,97.5,0.5594871280386983,0.005093684643348703,0.053169734151329244,0.014168104765389588
RELATIVE_B,5,100,0.75,99.0,0.5769168630213687,0.018090546062444545,0.0408997955010225,0.015439334223457566
RELATIVE_B,5,100,1.0,95.0,0.547580907297028,0.0031521231367148583,0.06952965235173825,0.01543933422345757
RELATIVE_B,5,100,1.0,97.5,0.5689383385817813,0.0008842128410210214,0.04703476482617588,0.007084052382694794
RELATIVE_B,5,100,1.0,99.0,0.5888302239585345,0.008035830384883485,0.0408997955010225,0.007084052382694794
RELATIVE_B,5,200,0.75,95.0,0.5372445874088926,0.0023885963189744933,0.081799591002045,0.003542026191347401
RELATIVE_B,5,200,0.75,97.5,0.5583780094795985,0.009471725620475501,0.05521472392638036,0.010626078574042191
RELATIVE_B,5,200,0.75,99.0,0.590410940475542,0.016836162910845703,0.026584867075664625,0.015439334223457566
RELATIVE_B,5,200,1.0,95.0,0.5461442456337203,0.006922017895804928,0.08384458077709611,0.015439334223457562
RELATIVE_B,5,200,1.0,97.5,0.5645907232034918,0.005960840383062978,0.053169734151329244,0.012770957051939464
RELATIVE_B,5,200,1.0,99.0,0.5977412069634284,0.005109762563476187,0.026584867075664625,0.009371320439582496
RELATIVE_B,10,100,0.75,95.0,0.5405430287691096,0.004225423304866529,0.029535864978902954,0.018270578138912207
RELATIVE_B,10,100,0.75,97.5,0.5802275801226768,0.013178587193248497,0.010548523206751056,0.0036541156277824414
RELATIVE_B,10,100,0.75,99.0,0.6079954977750622,0.006894258872022846,0.006329113924050632,0.006329113924050634
RELATIVE_B,10,100,1.0,95.0,0.5479272024155247,0.009476483018816166,0.02531645569620253,0.010962346883347325
RELATIVE_B,10,100,1.0,97.5,0.5928951122456416,0.006560922005984858,0.016877637130801686,0.0036541156277824427
RELATIVE_B,10,100,1.0,99.0,0.6217951613444778,0.010137134105218657,0.004219409282700422,0.003654115627782442
RELATIVE_B,10,200,0.75,95.0,0.5385460284358928,0.004509023223581378,0.029535864978902954,0.0036541156277824427
RELATIVE_B,10,200,0.75,97.5,0.5862699636701769,0.007364954447487212,0.012658227848101266,0.0
RELATIVE_B,10,200,0.75,99.0,0.6149134591243469,0.002221115226596793,0.004219409282700422,0.003654115627782442
RELATIVE_B,10,200,1.0,95.0,0.5506385090374591,0.00540088830835865,0.02531645569620253,0.0
RELATIVE_B,10,200,1.0,97.5,0.5999490742147766,0.011787245144497865,0.012658227848101266,0.006329113924050634
RELATIVE_B,10,200,1.0,99.0,0.6240848164791051,0.006406768763341791,0.004219409282700422,0.003654115627782442
RELATIVE_B,20,100,0.75,95.0,0.5532163836542835,0.004100819260639141,0.015765765765765768,0.007802030664724673
RELATIVE_B,20,100,0.75,97.5,0.5767741754291205,0.007479694803962617,0.0,0.0
RELATIVE_B,20,100,0.75,99.0,0.5927540183491135,0.009817969480007113,0.0,0.0
RELATIVE_B,20,100,1.0,95.0,0.5582120404087672,0.0056797539808683154,0.011261261261261262,0.0078020306647246735
RELATIVE_B,20,100,1.0,97.5,0.5748679256509734,0.0052398115666049145,0.0022522522522522522,0.0039010153323623367
RELATIVE_B,20,100,1.0,99.0,0.5858461809351756,0.00797526546610932,0.0022522522522522522,0.0039010153323623367
RELATIVE_B,20,200,0.75,95.0,0.5536178370565377,0.006612400615781913,0.02027027027027027,0.006756756756756757
RELATIVE_B,20,200,0.75,97.5,0.5722212684121414,0.0063252687224738015,0.006756756756756757,0.006756756756756757
RELATIVE_B,20,200,0.75,99.0,0.5903560712119332,0.003972623228235724,0.0,0.0
RELATIVE_B,20,200,1.0,95.0,0.551567081086224,0.0029806663396041615,0.018018018018018018,0.0039010153323623367
RELATIVE_B,20,200,1.0,97.5,0.5800294954768006,0.0022198907446830934,0.0,0.0
RELATIVE_B,20,200,1.0,99.0,0.5868921732025784,0.009142122962818234,0.0,0.0
