seed,family,severity,percentile,synthetic_rows,precision,recall,f1,pr_auc,roc_auc,clean_fpr,score_count,score_mean,score_std,score_p05,score_median,score_p95,score_minimum,score_maximum
42,CALCE_A2_EARLY_VOLTAGE_COLLAPSE,mild,95,5110,0.8769653046974695,0.1806262230919765,0.2995540841770897,0.8460417906107999,0.8779264561708686,0.025341130604288498,5110,0.4964636769485362,0.11331737631419622,0.3491469687332846,0.4639716744378911,0.7477793148905373,0.3204272780093097,0.8129908595105394
42,CALCE_A2_EARLY_VOLTAGE_COLLAPSE,moderate,95,5110,0.9226672409678527,0.30234833659491195,0.4554503806266153,0.9054295372067236,0.9273401349645042,0.025341130604288498,5110,0.5483703556371909,0.11518658433932266,0.38254403275815385,0.5331541022064423,0.7923550498279215,0.32344992842001424,0.8129908595105394
42,CALCE_A2_EARLY_VOLTAGE_COLLAPSE,strong,95,5110,0.948295655760991,0.46477495107632094,0.6238103954319185,0.9379562644847138,0.9532505159397734,0.025341130604288498,5110,0.5891799469152404,0.11205237201278595,0.4139559520067127,0.5868341625714206,0.7947980927214972,0.3284018110589319,0.8129908595105394
42,CALCE_A4_VOLTAGE_SENSOR_DRIFT,mild,95,18306,0.4522403828226959,0.020922102043045995,0.03999395446613814,0.5582120193233482,0.6071894215916596,0.025341130604288498,18306,0.3776652540745372,0.06794791703674902,0.3243619995787135,0.35425104405887414,0.5281468697005914,0.3199789787836812,0.7612563071919117
42,CALCE_A4_VOLTAGE_SENSOR_DRIFT,moderate,95,18306,0.4923980649619903,0.024582104228121928,0.04682647914167885,0.5970177658404882,0.6687269153436416,0.025341130604288498,18306,0.38601340785284144,0.06907225094125408,0.3267164417324768,0.3630799284386561,0.5412788161176337,0.3203921112588018,0.7705066537795859
42,CALCE_A4_VOLTAGE_SENSOR_DRIFT,strong,95,18306,0.5265871737028682,0.028187479514913145,0.053510610427036934,0.6318578004615488,0.7143546710470411,0.025341130604288498,18306,0.39534289390156296,0.07065315407804607,0.3296785539895405,0.37321692461621003,0.5517617091630992,0.3203921112588018,0.7705066537795859
123,CALCE_A2_EARLY_VOLTAGE_COLLAPSE,mild,95,5110,0.8564480010273781,0.2035225048923679,0.3288892313619726,0.850440421504979,0.8798453515829145,0.0341130604288499,5110,0.5073940170962923,0.11517226771908129,0.3519167936964043,0.4887868874447998,0.752362391666596,0.3236326312771347,0.8274189118784222
123,CALCE_A2_EARLY_VOLTAGE_COLLAPSE,moderate,95,5110,0.9074902628135166,0.33463796477495106,0.4889683494120122,0.9101933995189563,0.9315160046234308,0.0341130604288499,5110,0.5631705881435984,0.11119136096180164,0.3923585858394498,0.553668413591887,0.7880778631471567,0.32564260178508997,0.8279789216171307
123,CALCE_A2_EARLY_VOLTAGE_COLLAPSE,strong,95,5110,0.9348178654080945,0.4892367906066536,0.64231704919798,0.9402463056154688,0.9568712496614443,0.0341130604288499,5110,0.6010478591586011,0.1036488025873585,0.4290373665931167,0.5913266063624274,0.7912835817652614,0.3323625764440384,0.8279789216171307
123,CALCE_A4_VOLTAGE_SENSOR_DRIFT,mild,95,18306,0.4543573235226489,0.028405987108052005,0.05346913483368015,0.5616771984991479,0.6137846345716069,0.0341130604288499,18306,0.38272238331731506,0.06986728414050844,0.3282941227355931,0.358767384375091,0.539492053114188,0.3226169077853212,0.7511153744343408
123,CALCE_A4_VOLTAGE_SENSOR_DRIFT,moderate,95,18306,0.47099736947701637,0.03037255544630176,0.057065224730784916,0.6006453279971413,0.6742573031264688,0.0341130604288499,18306,0.39157832530044806,0.07074662762784051,0.33093132763318445,0.3687272396189949,0.5506688299392842,0.32295927370383193,0.7511153744343408
123,CALCE_A4_VOLTAGE_SENSOR_DRIFT,strong,95,18306,0.49331682111286673,0.03321315415710696,0.06223618178438762,0.6372130343224893,0.7200108976935097,0.0341130604288499,18306,0.40210444644319093,0.07240317587772158,0.33335353888530206,0.3805661320599937,0.5629290294304293,0.3233685962838637,0.7553754656554469
2026,CALCE_A2_EARLY_VOLTAGE_COLLAPSE,mild,95,5110,0.8527080390856945,0.20313111545988258,0.3281021250166364,0.8523793699494939,0.8851313023807617,0.03508771929824561,5110,0.5053380632705516,0.1098167650971859,0.3562625994850023,0.4871649999202565,0.750509739754665,0.31950454893079167,0.8107936001635718
2026,CALCE_A2_EARLY_VOLTAGE_COLLAPSE,moderate,95,5110,0.9067756412595323,0.3412915851272016,0.4959266446826874,0.9098148138086881,0.9335961669775656,0.03508771929824561,5110,0.5563766662098587,0.10874927393023623,0.40153143368794125,0.539854848144813,0.7864798773665049,0.32127130069628207,0.8107936001635718
2026,CALCE_A2_EARLY_VOLTAGE_COLLAPSE,strong,95,5110,0.9359945889750366,0.5131115459882584,0.6628494890718138,0.939643085964244,0.9567296284852161,0.03508771929824561,5110,0.5933844834503422,0.10445299947865336,0.42950004803206343,0.5834513626664373,0.789144990382841,0.3371101252221902,0.8118914865193666
2026,CALCE_A4_VOLTAGE_SENSOR_DRIFT,mild,95,18306,0.47579571324255837,0.03184748169998908,0.05969899890863526,0.5713670791626599,0.6267494982950657,0.03508771929824561,18306,0.38287817360643,0.07023533947507636,0.3241348894609409,0.36232077300090415,0.5392761055326092,0.31964072853076186,0.7608333971612308
2026,CALCE_A4_VOLTAGE_SENSOR_DRIFT,moderate,95,18306,0.5124056094929882,0.03687315634218289,0.06879571294083568,0.6144063665243558,0.6933710471901862,0.03508771929824561,18306,0.3928904761061106,0.07089921065039902,0.3271988292664557,0.37191466753928265,0.551540568514543,0.3199000004793546,0.7649627181646446
2026,CALCE_A4_VOLTAGE_SENSOR_DRIFT,strong,95,18306,0.5471278016921478,0.042390473068939144,0.07868460516274328,0.6501491632581395,0.7379084212528237,0.03508771929824561,18306,0.40351010779107577,0.07252466534711566,0.330552395461316,0.38253606956701774,0.5673826038782648,0.3205006933745856,0.7649627181646446
