seed,percentile,threshold,clean_fpr,training_rows,validation_rows,threshold_source
42,95.0,0.595563163424274,0.025341130604288498,535,1026,clean_nominal_CALCE_training_only
42,97.5,0.6635562309989192,0.01364522417153996,535,1026,clean_nominal_CALCE_training_only
42,99.0,0.707656832155033,0.004873294346978557,535,1026,clean_nominal_CALCE_training_only
123,95.0,0.5940807022751015,0.0341130604288499,535,1026,clean_nominal_CALCE_training_only
123,97.5,0.6683079303201309,0.015594541910331383,535,1026,clean_nominal_CALCE_training_only
123,99.0,0.7080861671400984,0.003898635477582846,535,1026,clean_nominal_CALCE_training_only
2026,95.0,0.5800716077577744,0.03508771929824561,535,1026,clean_nominal_CALCE_training_only
2026,97.5,0.6638177289659223,0.01364522417153996,535,1026,clean_nominal_CALCE_training_only
2026,99.0,0.7056456179311642,0.004873294346978557,535,1026,clean_nominal_CALCE_training_only
