history_window,severity,base_feature,stable_return_fraction,stable_return_cycles_median,onset_already_outside_fraction
5,mild,capacity_retention,1.0,1.0,0.018518518518518517
5,mild,capacity_slope_5,0.8333333333333334,74.0,0.1111111111111111
5,moderate,capacity_retention,0.3148148148148148,1.0,0.018518518518518517
5,moderate,capacity_slope_5,0.8333333333333334,75.0,0.1111111111111111
5,strong,capacity_retention,0.1111111111111111,1.5,0.018518518518518517
5,strong,capacity_slope_5,0.8333333333333334,76.0,0.1111111111111111
10,mild,capacity_retention,0.8888888888888888,62.0,0.05555555555555555
10,mild,capacity_slope_5,0.7962962962962963,74.0,0.07407407407407407
10,moderate,capacity_retention,0.7962962962962963,66.0,0.05555555555555555
10,moderate,capacity_slope_5,0.7962962962962963,78.0,0.07407407407407407
10,strong,capacity_retention,0.8518518518518519,71.0,0.05555555555555555
10,strong,capacity_slope_5,0.7962962962962963,78.0,0.07407407407407407
20,mild,capacity_retention,0.9259259259259259,59.5,0.14814814814814814
20,mild,capacity_slope_5,0.7222222222222222,73.0,0.07407407407407407
20,moderate,capacity_retention,1.0,37.0,0.14814814814814814
20,moderate,capacity_slope_5,0.7222222222222222,74.0,0.07407407407407407
20,strong,capacity_retention,1.0,10.0,0.14814814814814814
20,strong,capacity_slope_5,0.7222222222222222,74.0,0.07407407407407407
