history_window,severity,base_feature,drift_sign,residual_effect_first,residual_effect_peak,residual_effect_final,injected_residual_first,injected_residual_peak_abs,injected_residual_final,remaining_fraction_final
5,mild,mean_temp_c,-1,0.0,0.2130457855199665,-0.1555085692323707,-0.0164795247402125,0.5061592834924653,-0.138133567754572,0.3333333333333331
5,mild,mean_temp_c,1,0.0,0.2073447589764966,0.1555085692323672,-0.0164795247402125,0.5407824170888134,0.171682836537343,0.3333333333333282
5,mild,mean_voltage_v,-1,0.0,0.0185231455014912,-0.0161572639931497,-0.0032018513586806,0.0235709853604935,-0.0190568580401273,0.3333333333333351
5,mild,mean_voltage_v,1,0.0,0.0181442176947261,0.0161572639931496,-0.0032018513586806,0.0187772388456353,0.0131517517058385,0.333333333333332
5,moderate,mean_temp_c,-1,0.0,0.4116928955820994,-0.3110171384647415,-0.0164795247402125,0.6029542451591325,-0.3080420616859243,0.3333333333333333
5,moderate,mean_temp_c,1,0.0,0.4016826421306093,0.3110171384647415,-0.0164795247402125,0.696512735691087,0.3271914057697103,0.3333333333333333
5,moderate,mean_voltage_v,-1,0.0,0.0344985202367121,-0.0323145279862994,-0.0032018513586806,0.0402504609421416,-0.0352376454321476,0.3333333333333336
5,moderate,mean_voltage_v,1,0.0,0.0345447516447991,0.0323145279862991,-0.0032018513586806,0.0349588973219985,0.0293859999896297,0.3333333333333325
5,strong,mean_temp_c,-1,0.0,0.6287104294110577,-0.5183618974412347,-0.0164795247402125,0.8397456026532275,-0.4964468689475083,0.3333333333333326
5,strong,mean_temp_c,1,0.0,0.6572010823463401,0.5183618974412383,-0.0164795247402125,0.9374176434386924,0.534536164746207,0.3333333333333348
5,strong,mean_voltage_v,-1,0.0,0.0562234281521738,-0.0538575466438321,-0.0032018513586806,0.0619970103131009,-0.0567860746405015,0.3333333333333327
5,strong,mean_voltage_v,1,0.0,0.0560877703023318,0.0538575466438318,-0.0032018513586806,0.0565019159795316,0.050929018647162,0.3333333333333321
10,mild,mean_temp_c,-1,0.0,0.2964775976403508,-0.2813424733778689,0.0195976476263339,0.5188229868112728,-0.2180911151735358,0.603058885579197
10,mild,mean_temp_c,1,0.0,0.2952172749443634,0.2752599888548558,0.0195976476263339,0.5843378713652214,0.3132526985726258,0.5900210520307876
10,mild,mean_voltage_v,-1,0.0,0.0305336676120089,-0.0296216506541076,-0.0041674834022376,0.037297834242957,-0.0351415357492692,0.6111111111111106
10,mild,mean_voltage_v,1,0.0,0.0301521255792604,0.0296216506541075,-0.0041674834022376,0.0268176962715789,0.0239852090930079,0.6111111111111085
10,moderate,mean_temp_c,-1,0.0,0.5953181472790376,-0.5726185120155449,0.0195976476263339,0.741427478196087,-0.505418152175892,0.613705206988628
10,moderate,mean_temp_c,1,0.0,0.5890734120095118,0.5633260248129588,0.0195976476263339,0.7899168449350853,0.6093502473011867,0.6037459624611868
10,moderate,mean_voltage_v,-1,0.0,0.060155318266117,-0.0592433013082152,-0.0041674834022376,0.0670655663350667,-0.0647631864033764,0.6111111111111107
10,moderate,mean_voltage_v,1,0.0,0.060111563707791,0.0592433013082151,-0.0041674834022376,0.0564393469256865,0.053696250152643,0.6111111111111095
10,strong,mean_temp_c,-1,0.0,0.98241560067866,-0.950330145308932,0.0195976476263339,1.0995849857425526,-0.8792671249323192,0.6111111111111123
10,strong,mean_temp_c,1,0.0,0.9852181610547888,0.9434580829365232,0.0195976476263339,1.1344223291822004,1.0111814571118956,0.6066920219211509
10,strong,mean_voltage_v,-1,0.0,0.0996508524715942,-0.0987388355136923,-0.0041674834022376,0.106561100540544,-0.1042858866692642,0.6111111111111115
10,strong,mean_voltage_v,1,0.0,0.0996070979132678,0.0987388355136923,-0.0041674834022376,0.0959348811311637,0.0931917843581198,0.6111111111111102
20,mild,mean_temp_c,-1,0.0,0.3862874264161179,-0.3787731658568133,0.07010357691356,0.6287943966118377,-0.2626574003375559,0.8119020229914651
20,mild,mean_temp_c,1,0.0,0.4064899255122044,0.4062594480523634,0.07010357691356,0.7035442371187628,0.4624695719865599,0.8708189952870227
20,mild,mean_voltage_v,-1,0.0,0.0473414913262075,-0.0473414913262075,-0.0073899457819934,0.054603104972025,-0.0543920509535893,0.9766812695160833
20,mild,mean_voltage_v,1,0.0,0.0427469923194023,0.0427469923194023,-0.0073899457819934,0.0361982246680794,0.0359606501966545,0.8818942022512031
20,moderate,mean_temp_c,-1,0.0,0.8155596970291654,-0.8144786754596964,0.07010357691356,0.94490027528618,-0.6496861560638223,0.8729193933172161
20,moderate,mean_temp_c,1,0.0,0.8078734415903881,0.8078734415903881,0.07010357691356,1.0030770812113374,0.8930690297103752,0.8658402187290531
20,moderate,mean_voltage_v,-1,0.0,0.0957863781117952,-0.0957863781117952,-0.0073899457819934,0.1028638429330386,-0.1028638429330386,0.9880631002089468
20,moderate,mean_voltage_v,1,0.0,0.090235045665413,0.090235045665413,-0.0073899457819934,0.0834355340473189,0.0834355340473189,0.930799563833648
20,strong,mean_temp_c,-1,0.0,1.4101374284588886,-1.4101374284588886,0.07010357691356,1.4385815402386228,-1.2424418021076349,0.906790818936654
20,strong,mean_temp_c,1,0.0,1.390915442121411,1.390915442121411,0.07010357691356,1.5363474373332269,1.4636202052950864,0.8944300941017705
20,strong,mean_voltage_v,-1,0.0,0.1603572044844882,-0.1603572044844882,-0.0073899457819934,0.1674928989056368,-0.1674928989056368,0.992477467425647
20,strong,mean_voltage_v,1,0.0,0.1543836655475567,0.1543836655475567,-0.0073899457819934,0.1474127055701224,0.1474127055701224,0.955506239255686
