anomaly_family,history_window,severity,base_feature,drift_sign,scenarios,raw_peak_median,residual_peak_median,z_peak_median,remaining_final_median,absorbed_final_percent_median,mad_ratio_final_median,ever_outside_fraction,return_observed_fraction,return_cycles_median
A1_ACCELERATED_DEGRADATION,5,mild,capacity_retention,0,54,0.11619213502253867,0.0064551186123633,188.36250754537718,0.03333333333333285,96.66666666666671,1.5343360143646216,1.0,1.0,1.0
A1_ACCELERATED_DEGRADATION,5,mild,capacity_slope_5,0,54,0.0024413933737860005,0.0019531146990287,2.718444290993026,-0.0,100.0,1.0,1.0,1.0,2.0
A1_ACCELERATED_DEGRADATION,5,moderate,capacity_retention,0,54,0.23238427004507745,0.012910237224726399,198.593335697722,0.033333333333333694,96.66666666666663,2.023964240294192,0.37037037037037035,0.3148148148148148,1.0
A1_ACCELERATED_DEGRADATION,5,moderate,capacity_slope_5,0,54,0.0048827867475719,0.0039062293980573004,4.74263186417591,-0.0,100.0,1.0,1.0,1.0,2.0
A1_ACCELERATED_DEGRADATION,5,strong,capacity_retention,0,54,0.38730711674179574,0.0200490774539265,203.14520270265078,0.03333333333333352,96.66666666666664,2.6969040127006965,0.1111111111111111,0.1111111111111111,1.5
A1_ACCELERATED_DEGRADATION,5,strong,capacity_slope_5,0,54,0.0081379779126197,0.0065103823300956005,5.268895868938238,-0.0,100.0,1.0,1.0,1.0,2.0
A1_ACCELERATED_DEGRADATION,10,mild,capacity_retention,0,54,0.11619213502253867,0.0110527144860958,2.6448194770330087,0.06111111111111204,93.8888888888888,1.651406766209144,1.0,1.0,1.0
A1_ACCELERATED_DEGRADATION,10,mild,capacity_slope_5,0,54,0.0024413933737860005,0.00236101585164865,2.2867775235117507,-0.0,100.0,1.0,1.0,1.0,2.0
A1_ACCELERATED_DEGRADATION,10,moderate,capacity_retention,0,54,0.23238427004507745,0.0206255369718997,3.8750966986567565,0.06111111111111121,93.88888888888887,2.2594178882519813,1.0,1.0,1.0
A1_ACCELERATED_DEGRADATION,10,moderate,capacity_slope_5,0,54,0.0048827867475719,0.0045972551971931,3.5975470365526467,-0.0,100.0,1.0,1.0,1.0,2.0
A1_ACCELERATED_DEGRADATION,10,strong,capacity_retention,0,54,0.38730711674179574,0.032264168703035404,4.740573345143604,0.061111111111111074,93.88888888888889,3.1627893551428974,1.0,1.0,2.0
A1_ACCELERATED_DEGRADATION,10,strong,capacity_slope_5,0,54,0.0081379779126197,0.00770896763509365,5.250243309980902,-0.0,100.0,1.0,1.0,1.0,3.0
A1_ACCELERATED_DEGRADATION,20,mild,capacity_retention,0,54,0.11619213502253867,0.0175078330984591,1.1095010173306732,0.11666666666666618,88.33333333333339,1.8412602091856667,1.0,1.0,1.0
A1_ACCELERATED_DEGRADATION,20,mild,capacity_slope_5,0,54,0.0024413933737860005,0.0024413933737858252,1.393188921492244,-0.0,100.0,1.0,1.0,1.0,2.0
A1_ACCELERATED_DEGRADATION,20,moderate,capacity_retention,0,54,0.23238427004507745,0.0335357741966262,1.6510451098028183,0.11666666666666643,88.33333333333334,2.738348470086361,1.0,1.0,7.0
A1_ACCELERATED_DEGRADATION,20,moderate,capacity_slope_5,0,54,0.0048827867475719,0.00477718160220135,2.3985676377512553,-0.0,100.0,1.0,1.0,1.0,3.0
A1_ACCELERATED_DEGRADATION,20,strong,capacity_retention,0,54,0.38730711674179574,0.0537812307442463,2.0515962882899568,0.1166666666666663,88.33333333333337,4.112980314181902,1.0,1.0,9.0
A1_ACCELERATED_DEGRADATION,20,strong,capacity_slope_5,0,54,0.0081379779126197,0.007809240929603899,3.653480854096707,-0.0,100.0,1.0,1.0,1.0,5.0
A4_SENSOR_DRIFT,5,mild,mean_temp_c,-1,139,0.4665257076971123,0.2130457855199665,4.922450213465986,0.33333333333333315,66.66666666666669,1.3456351629679506,0.7266187050359713,0.48201438848920863,1.0
A4_SENSOR_DRIFT,5,mild,mean_temp_c,1,139,0.4665257076971123,0.20734475897649668,3.131724162622434,0.33333333333332826,66.66666666666717,1.1693580653543612,0.23741007194244604,0.2158273381294964,1.0
A4_SENSOR_DRIFT,5,mild,mean_voltage_v,-1,139,0.04847179197944884,0.018523145501491298,6.312309115784134,0.3333333333333351,66.6666666666665,4.627505917628394,0.6546762589928058,0.6474820143884892,2.0
A4_SENSOR_DRIFT,5,mild,mean_voltage_v,1,139,0.04847179197944884,0.0181442176947261,7.089170373121502,0.33333333333333204,66.6666666666668,3.3995789033011206,0.539568345323741,0.48201438848920863,2.0
A4_SENSOR_DRIFT,5,moderate,mean_temp_c,-1,139,0.9330514153942246,0.4116928955820994,4.35661655381481,0.3333333333333333,66.66666666666667,1.647495770901509,0.8489208633093526,0.6762589928057554,1.0
A4_SENSOR_DRIFT,5,moderate,mean_temp_c,1,139,0.9330514153942246,0.4016826421306093,7.491298379345998,0.3333333333333333,66.66666666666667,1.3403460294953369,0.16546762589928057,0.16546762589928057,2.0
A4_SENSOR_DRIFT,5,moderate,mean_voltage_v,-1,139,0.09694358395889768,0.0344985202367121,8.850089009257829,0.33333333333333365,66.66666666666663,8.394768832555556,0.8201438848920863,0.8201438848920863,3.0
A4_SENSOR_DRIFT,5,moderate,mean_voltage_v,1,139,0.09694358395889768,0.0345447516447991,10.383778981312197,0.3333333333333325,66.66666666666676,7.2543660815340605,0.7338129496402878,0.7338129496402878,2.0
A4_SENSOR_DRIFT,5,strong,mean_temp_c,-1,139,1.5550856923237077,0.6287104294110577,5.523981473059522,0.3333333333333326,66.66666666666674,2.348316796580982,0.8489208633093526,0.6762589928057554,2.0
A4_SENSOR_DRIFT,5,strong,mean_temp_c,1,139,1.5550856923237077,0.6572010823463401,13.245789318951319,0.33333333333333487,66.66666666666652,1.8244857047700644,0.31654676258992803,0.20863309352517986,2.0
A4_SENSOR_DRIFT,5,strong,mean_voltage_v,-1,139,0.1615726399314963,0.0562234281521738,12.27486334861193,0.33333333333333276,66.66666666666671,13.014698587633731,0.935251798561151,0.935251798561151,3.0
A4_SENSOR_DRIFT,5,strong,mean_voltage_v,1,139,0.16157263993149673,0.0560877703023318,13.916600799419308,0.33333333333333215,66.66666666666679,12.087912730881774,0.9064748201438849,0.9064748201438849,3.0
A4_SENSOR_DRIFT,10,mild,mean_temp_c,-1,139,0.4665257076971123,0.2964775976403508,1.8948600528100612,0.603058885579197,39.694111442080306,1.2138533187524194,0.49640287769784175,0.2805755395683453,2.0
A4_SENSOR_DRIFT,10,mild,mean_temp_c,1,139,0.4665257076971123,0.29521727494436345,1.7401796946877228,0.5900210520307876,40.997894796921244,1.2353183612249194,0.4892086330935252,0.302158273381295,2.0
A4_SENSOR_DRIFT,10,mild,mean_voltage_v,-1,139,0.04847179197944884,0.030533667612008902,3.8736085737595842,0.6111111111111106,38.88888888888894,5.337958208546109,0.9640287769784173,0.7697841726618705,5.0
A4_SENSOR_DRIFT,10,mild,mean_voltage_v,1,139,0.04847179197944884,0.0301521255792604,5.336279555711084,0.6111111111111085,38.88888888888915,3.8354757474356047,0.9928057553956835,0.14388489208633093,5.0
A4_SENSOR_DRIFT,10,moderate,mean_temp_c,-1,139,0.9330514153942246,0.5953181472790376,2.8430806962353157,0.613705206988628,38.6294793011372,1.8880965680395012,0.6402877697841727,0.38848920863309355,1.0
A4_SENSOR_DRIFT,10,moderate,mean_temp_c,1,139,0.9330514153942246,0.5890734120095118,2.787211779040633,0.6037459624611868,39.625403753881315,1.8280454482724873,0.4892086330935252,0.3237410071942446,2.0
A4_SENSOR_DRIFT,10,moderate,mean_voltage_v,-1,139,0.09694358395889768,0.060155318266117,7.3015293282075575,0.6111111111111107,38.88888888888893,10.166272178644295,1.0,0.8345323741007195,6.0
A4_SENSOR_DRIFT,10,moderate,mean_voltage_v,1,139,0.09694358395889768,0.060111563707791,7.790732069762634,0.6111111111111095,38.88888888888905,9.211403456876157,1.0,0.10071942446043165,6.0
A4_SENSOR_DRIFT,10,strong,mean_temp_c,-1,139,1.5550856923237077,0.9824156006786601,3.394912119260431,0.6111111111111123,38.88888888888877,2.985395288572892,0.7985611510791367,0.5467625899280576,2.0
A4_SENSOR_DRIFT,10,strong,mean_temp_c,1,139,1.5550856923237077,0.9852181610547888,3.6127268708048383,0.6066920219211509,39.330797807884906,3.0036883679253696,0.6834532374100719,0.49640287769784175,2.0
A4_SENSOR_DRIFT,10,strong,mean_voltage_v,-1,139,0.1615726399314963,0.0996508524715942,11.412006804901573,0.6111111111111115,38.88888888888885,16.93780994332149,1.0,0.8561151079136691,6.0
A4_SENSOR_DRIFT,10,strong,mean_voltage_v,1,139,0.16157263993149673,0.0996070979132678,11.43624675090419,0.6111111111111102,38.888888888888985,15.40244476771962,1.0,0.06474820143884892,6.0
A4_SENSOR_DRIFT,20,mild,mean_temp_c,-1,139,0.4665257076971123,0.3862874264161179,1.4081490048332104,0.8119020229914651,18.809797700853494,1.054526643951473,0.6258992805755396,0.3237410071942446,2.0
A4_SENSOR_DRIFT,20,mild,mean_temp_c,1,139,0.4665257076971123,0.4064899255122044,1.3066581390361884,0.8708189952870227,12.918100471297734,1.2111415444625384,0.3669064748201439,0.2014388489208633,1.0
A4_SENSOR_DRIFT,20,mild,mean_voltage_v,-1,139,0.04847179197944884,0.047341491326207595,4.5466299881986,0.9766812695160833,2.331873048391675,1.8400905987731933,0.9928057553956835,0.05755395683453238,1.0
A4_SENSOR_DRIFT,20,mild,mean_voltage_v,1,139,0.04847179197944884,0.0427469923194023,5.752263660378588,0.8818942022512031,11.810579774879692,1.3426057998726213,1.0,0.02877697841726619,1.0
A4_SENSOR_DRIFT,20,moderate,mean_temp_c,-1,139,0.9330514153942246,0.8155596970291654,2.599479290106901,0.8729193933172161,12.708060668278387,1.32488971015211,0.8273381294964028,0.26618705035971224,2.0
A4_SENSOR_DRIFT,20,moderate,mean_temp_c,1,139,0.9330514153942246,0.8078734415903881,2.512215354097779,0.8658402187290531,13.415978127094686,1.4836389332182116,0.5035971223021583,0.17266187050359713,1.0
A4_SENSOR_DRIFT,20,moderate,mean_voltage_v,-1,139,0.09694358395889768,0.0957863781117952,8.377981052275926,0.9880631002089467,1.193689979105328,2.014966299679867,1.0,0.014388489208633094,1.0
A4_SENSOR_DRIFT,20,moderate,mean_voltage_v,1,139,0.09694358395889768,0.090235045665413,9.658770897186862,0.9307995638336479,6.9200436166352075,1.7402358523935608,1.0,0.0,
A4_SENSOR_DRIFT,20,strong,mean_temp_c,-1,139,1.5550856923237077,1.4101374284588886,3.9068221936797696,0.906790818936654,9.320918106334597,1.6447715770355302,0.9568345323741008,0.14388489208633093,1.0
A4_SENSOR_DRIFT,20,strong,mean_temp_c,1,139,1.5550856923237077,1.390915442121411,3.8821159520538036,0.8944300941017705,10.556990589822945,1.847092524837349,0.7410071942446043,0.15827338129496402,2.0
A4_SENSOR_DRIFT,20,strong,mean_voltage_v,-1,139,0.1615726399314963,0.16035720448448829,13.900618998627786,0.992477467425647,0.752253257435298,2.163692087392646,1.0,0.0,
A4_SENSOR_DRIFT,20,strong,mean_voltage_v,1,139,0.16157263993149673,0.1543836655475567,14.587281886127226,0.9555062392556861,4.449376074431388,2.0296852682171336,1.0,0.0,
