feature_set,history_window,anomaly_family,severity,recall_mean,recall_std,pr_auc_mean,pr_auc_std,roc_auc_mean,roc_auc_std
RELATIVE_A,5,A1_ACCELERATED_DEGRADATION,mild,0.005045625335480366,9.297105784051699e-05,0.461086541157176,0.001127859241847081,0.4498101054294656,0.0022151976872534
RELATIVE_A,5,A1_ACCELERATED_DEGRADATION,moderate,0.004991948470209301,0.00016103059581319982,0.4601774774509097,0.0009901539699419299,0.44787098647275475,0.002663693465947126
RELATIVE_A,5,A1_ACCELERATED_DEGRADATION,strong,0.0048309178743961,0.0001610305958131995,0.4608083512202426,0.0007329666740493373,0.45009688842976603,0.0030772520387163456
RELATIVE_A,5,A2_EARLY_VOLTAGE_COLLAPSE,mild,0.025806451612903198,0.0038709677419355008,0.6604725168847411,0.001284910556052435,0.695143031040779,0.0018975255209090962
RELATIVE_A,5,A2_EARLY_VOLTAGE_COLLAPSE,moderate,0.0511827956989247,0.012263722519899588,0.715254216146438,0.006601429729467768,0.723402989112058,0.0021696738651383637
RELATIVE_A,5,A2_EARLY_VOLTAGE_COLLAPSE,strong,0.07139784946236553,0.018713384875532944,0.7426328830859639,0.009989013633794628,0.7378724555352676,0.0028760967050869874
RELATIVE_A,5,A3_THERMAL_ABNORMALITY,mild,0.020645161290322536,0.00341387265943817,0.540053947102979,0.0026533510825510385,0.5760965713126395,0.004108231703640602
RELATIVE_A,5,A3_THERMAL_ABNORMALITY,moderate,0.0262365591397849,0.004147806778921676,0.5783171750598918,0.00487016804070588,0.6195239061337662,0.005686974923053522
RELATIVE_A,5,A3_THERMAL_ABNORMALITY,strong,0.03010752688172037,0.0014899361785538606,0.6094138592774349,0.006674464094574936,0.6511868533171029,0.00603794445283914
RELATIVE_A,5,A4_SENSOR_DRIFT,mild,0.018888888888888834,0.00339954810197884,0.49806788094444987,0.0010187859491343188,0.50693551517975,0.0031255271042399143
RELATIVE_A,5,A4_SENSOR_DRIFT,moderate,0.0196913580246913,0.0025278512628942045,0.5032827240967815,0.002225872074376046,0.5184686311048994,0.0038256122715242266
RELATIVE_A,5,A4_SENSOR_DRIFT,strong,0.02086419753086417,0.002146338105026383,0.5155152032133782,0.0025276083288358836,0.5379105520614954,0.004042781546737773
RELATIVE_A,10,A1_ACCELERATED_DEGRADATION,mild,0.0,0.0,0.48296792007890194,0.0028422437853324553,0.4805657016594516,0.006469898547814563
RELATIVE_A,10,A1_ACCELERATED_DEGRADATION,moderate,0.0,0.0,0.48840223740001326,0.004652909746916356,0.49162908850408854,0.009395214770711695
RELATIVE_A,10,A1_ACCELERATED_DEGRADATION,strong,0.0,0.0,0.4922022553096317,0.00539653682011913,0.49917008627946124,0.010329549301570363
RELATIVE_A,10,A2_EARLY_VOLTAGE_COLLAPSE,mild,0.24133333333333332,0.07562480486659857,0.9754463227398702,0.006331670232671939,0.9810620490620491,0.003411841351366709
RELATIVE_A,10,A2_EARLY_VOLTAGE_COLLAPSE,moderate,0.308,0.09966164981799389,0.9869041381609817,0.005603623446777171,0.9914574314574315,0.0028664198509320425
RELATIVE_A,10,A2_EARLY_VOLTAGE_COLLAPSE,strong,0.3164444444444444,0.10654437434094632,0.9882942613146831,0.00563862664227919,0.9926522366522367,0.002855336347865031
RELATIVE_A,10,A3_THERMAL_ABNORMALITY,mild,0.009333333333333268,0.002309401076758503,0.6398880963882602,0.024288556012066014,0.6867965367965368,0.019204359040542223
RELATIVE_A,10,A3_THERMAL_ABNORMALITY,moderate,0.014666666666666633,0.0053333333333333505,0.7875606790119914,0.03603420206850397,0.8399018759018758,0.02207617739194731
RELATIVE_A,10,A3_THERMAL_ABNORMALITY,strong,0.031111111111111065,0.010095837059200466,0.8689784907982655,0.036262661456050976,0.9135151515151515,0.01800248187466937
RELATIVE_A,10,A4_SENSOR_DRIFT,mild,0.00242656449553,0.0026079920634306756,0.5582994362927218,0.002760195492886056,0.5919650113615631,0.001000184152373524
RELATIVE_A,10,A4_SENSOR_DRIFT,moderate,0.002937420178799433,0.002642937686663455,0.5973203319830536,0.004334638193222973,0.6409039077142525,0.0021045055007074473
RELATIVE_A,10,A4_SENSOR_DRIFT,strong,0.0035121328224775664,0.0031902927194883217,0.6249370143872636,0.005396301949097166,0.6753416762037453,0.0033944391449146215
RELATIVE_A,20,A1_ACCELERATED_DEGRADATION,mild,0.021742112482853137,0.005165934172194938,0.4725451822857864,0.0026335201906640916,0.45352532959914643,0.005970330917145133
RELATIVE_A,20,A1_ACCELERATED_DEGRADATION,moderate,0.021399176954732466,0.005156363821457477,0.47544798911819425,0.0044158019417605285,0.45804255258344767,0.008544708898700267
RELATIVE_A,20,A1_ACCELERATED_DEGRADATION,strong,0.020850480109739333,0.004943983893262056,0.4829910636187082,0.003359490198351166,0.46713224927602504,0.007134033569242491
RELATIVE_A,20,A2_EARLY_VOLTAGE_COLLAPSE,mild,0.25999999999999995,0.08756338811841116,0.9020403168735518,0.018130704202425824,0.9606117724867725,0.008986969149939919
RELATIVE_A,20,A2_EARLY_VOLTAGE_COLLAPSE,moderate,0.26476190476190475,0.09018499505645793,0.9027376739993765,0.017997191482888506,0.9608101851851852,0.00895262595998069
RELATIVE_A,20,A2_EARLY_VOLTAGE_COLLAPSE,strong,0.26476190476190475,0.09018499505645793,0.9027376739993765,0.017997191482888506,0.9608101851851852,0.00895262595998069
RELATIVE_A,20,A3_THERMAL_ABNORMALITY,mild,0.020476190476190436,0.004364357804719815,0.5893960565284321,0.011995776254642149,0.6364847883597884,0.005986092806519753
RELATIVE_A,20,A3_THERMAL_ABNORMALITY,moderate,0.036190476190476134,0.010135141263710842,0.7308846496699299,0.01853014865688881,0.8137235449735449,0.012109492615421892
RELATIVE_A,20,A3_THERMAL_ABNORMALITY,strong,0.05999999999999996,0.012205719636167909,0.808840188500557,0.017250350579220062,0.8888062169312169,0.009251418046989061
RELATIVE_A,20,A4_SENSOR_DRIFT,mild,0.028257887517146734,0.005968260608451864,0.5800715410575064,0.0051035012662901365,0.6134802240512117,0.007030008860610405
RELATIVE_A,20,A4_SENSOR_DRIFT,moderate,0.030452674897119298,0.004864852023677726,0.6112427573814997,0.007659479024239909,0.6564674306508155,0.009301716846367707
RELATIVE_A,20,A4_SENSOR_DRIFT,strong,0.03196159122085043,0.005343195254749602,0.6365853029605407,0.009171171764208699,0.6942775015241579,0.012524285689823245
RELATIVE_B,10,A2_EARLY_VOLTAGE_COLLAPSE,mild,0.5324675324675324,0.19904901245866333,0.9718341938859201,0.013986755890465063,0.9792646172393008,0.005682672904390553
RELATIVE_B,10,A2_EARLY_VOLTAGE_COLLAPSE,moderate,0.6783549783549784,0.23399820140687358,0.9829036540990712,0.014134141288413253,0.9902213819935338,0.006321350331335208
RELATIVE_B,10,A2_EARLY_VOLTAGE_COLLAPSE,strong,0.6987012987012987,0.2389504514876451,0.9840886251297869,0.014004987482027876,0.9911721190202204,0.006389877003858347
RELATIVE_B,10,A3_THERMAL_ABNORMALITY,mild,0.022943722943722867,0.005248638810814785,0.6620299172786127,0.018931313136194006,0.6972245054523536,0.016332534838837974
RELATIVE_B,10,A3_THERMAL_ABNORMALITY,moderate,0.07965367965367963,0.02861075608979797,0.8293788012027452,0.016572973243789254,0.8597484793687326,0.011403928065289387
RELATIVE_B,10,A3_THERMAL_ABNORMALITY,strong,0.19826839826839823,0.07986045061541272,0.9166583242292449,0.012542828606671694,0.9379116663926791,0.005233253115877045
RELATIVE_B,10,A4_SENSOR_DRIFT,mild,0.0107506835694755,0.002053531151113384,0.5523962678900288,0.005082241204722135,0.5814442745353458,0.0034983712233854184
RELATIVE_B,10,A4_SENSOR_DRIFT,moderate,0.012179965200099367,0.0010267655755567227,0.5915164509914069,0.008037011812922715,0.6336091209721317,0.00482415386523882
RELATIVE_B,10,A4_SENSOR_DRIFT,strong,0.013795674869500334,0.0016252419625431374,0.6208741918618137,0.00996455362374941,0.671641424152893,0.005849083439254907
RELATIVE_B,20,A2_EARLY_VOLTAGE_COLLAPSE,mild,0.06898148148148146,0.008018753738744808,0.9304353886635051,0.021785911057674058,0.9623248248248247,0.00888427819550995
RELATIVE_B,20,A2_EARLY_VOLTAGE_COLLAPSE,moderate,0.06898148148148146,0.008018753738744808,0.9321338994061984,0.0221651443568758,0.9635948448448448,0.008989546343704542
RELATIVE_B,20,A2_EARLY_VOLTAGE_COLLAPSE,strong,0.06898148148148146,0.008018753738744808,0.932135402731037,0.022164452500488454,0.9635948448448448,0.008989546343704542
RELATIVE_B,20,A3_THERMAL_ABNORMALITY,mild,0.014351851851851833,0.005782405554072581,0.6616161725812203,0.04213196551702051,0.6886824324324324,0.03240165382820081
RELATIVE_B,20,A3_THERMAL_ABNORMALITY,moderate,0.0606481481481481,0.029342503476834862,0.8494289831773747,0.04062013144340828,0.8801582832832833,0.025013766901123734
RELATIVE_B,20,A3_THERMAL_ABNORMALITY,strong,0.17777777777777778,0.08208556586548446,0.9374523621839046,0.023554299516813277,0.9503941441441442,0.013608033663425159
RELATIVE_B,20,A4_SENSOR_DRIFT,mild,0.005728750333066867,0.0014999107712760271,0.5905339588636442,0.015875200156721253,0.6256272009419491,0.01089346732036828
RELATIVE_B,20,A4_SENSOR_DRIFT,moderate,0.0059285904609645,0.0012210433506410574,0.6289221333094069,0.021014441651276264,0.6779110495387474,0.015154161399720641
RELATIVE_B,20,A4_SENSOR_DRIFT,strong,0.006261657340794,0.0007565825134292694,0.666721492837468,0.024825669290806845,0.728981904566437,0.019006538223642715
