n_estimators,max_features,seed,anomaly_family,severity,percentile,threshold,clean_rows,synthetic_rows,recall,clean_fpr,threshold_clean_percentile,threshold_synthetic_percentile,threshold_clean_z,synthetic_within_001_threshold,synthetic_in_clean_p05_p95,clean_p05,clean_median,clean_p95,clean_mean,clean_std,synthetic_p05,synthetic_median,synthetic_p95,synthetic_mean,synthetic_std
100,0.75,42,A2,mild,97.5,0.5940965701875562,158,770,0.35584415584415585,0.006329113924050633,99.36708860759494,64.41558441558442,3.893533851237199,0.13896103896103895,0.08961038961038961,0.3423421326226776,0.38266945273594244,0.5153441417216763,0.3980038869825804,0.05430211358877265,0.49291065184573774,0.5796212859797074,0.6589677494554023,0.5812336276503187,0.04919610354029199
100,0.75,42,A2,mild,99.0,0.6075422720631378,158,770,0.2753246753246753,0.006329113924050633,99.36708860759494,72.46753246753246,4.141143032297908,0.12727272727272726,0.08961038961038961,0.3423421326226776,0.38266945273594244,0.5153441417216763,0.3980038869825804,0.05430211358877265,0.49291065184573774,0.5796212859797074,0.6589677494554023,0.5812336276503187,0.04919610354029199
100,0.75,123,A2,mild,97.5,0.5678696639978582,158,770,0.7779220779220779,0.012658227848101266,98.73417721518987,22.207792207792206,3.2738785733733393,0.07792207792207792,0.09610389610389611,0.3463817131160542,0.3836303942709154,0.5297643262506576,0.4033583932188256,0.0562755354536886,0.4977493345022288,0.5951028372489517,0.6661064579318121,0.5916287459358571,0.05033153207718311
100,0.75,123,A2,mild,99.0,0.6013390339036442,158,770,0.4012987012987013,0.012658227848101266,98.73417721518987,59.87012987012987,3.8686196031291424,0.2987012987012987,0.09610389610389611,0.3463817131160542,0.3836303942709154,0.5297643262506576,0.4033583932188256,0.0562755354536886,0.4977493345022288,0.5951028372489517,0.6661064579318121,0.5916287459358571,0.05033153207718311
100,0.75,2026,A2,mild,97.5,0.578716506182616,158,770,0.4714285714285714,0.012658227848101266,98.73417721518987,52.85714285714286,3.602790943401366,0.37402597402597404,0.05194805194805195,0.34250980616293986,0.3829548832858906,0.5023308668235321,0.39841198825989266,0.05433610386283154,0.502176220532933,0.5777676216538625,0.6466475495328731,0.5791917141678666,0.04488335987764742
100,0.75,2026,A2,mild,99.0,0.6151051873584047,158,770,0.16493506493506493,0.0,100.0,83.50649350649351,4.272487123084212,0.08961038961038961,0.05194805194805195,0.34250980616293986,0.3829548832858906,0.5023308668235321,0.39841198825989266,0.05433610386283154,0.502176220532933,0.5777676216538625,0.6466475495328731,0.5791917141678666,0.04488335987764742
100,0.75,42,A2,moderate,97.5,0.5940965701875562,158,770,0.4597402597402597,0.006329113924050633,99.36708860759494,54.02597402597402,3.893533851237199,0.19220779220779222,0.01038961038961039,0.3423421326226776,0.38266945273594244,0.5153441417216763,0.3980038869825804,0.05430211358877265,0.5629056828201966,0.5918599620129036,0.6607130247734978,0.5985378683717317,0.03427503739049403
100,0.75,42,A2,moderate,99.0,0.6075422720631378,158,770,0.34545454545454546,0.006329113924050633,99.36708860759494,65.45454545454545,4.141143032297908,0.18051948051948052,0.01038961038961039,0.3423421326226776,0.38266945273594244,0.5153441417216763,0.3980038869825804,0.05430211358877265,0.5629056828201966,0.5918599620129036,0.6607130247734978,0.5985378683717317,0.03427503739049403
100,0.75,123,A2,moderate,97.5,0.5678696639978582,158,770,0.9662337662337662,0.012658227848101266,98.73417721518987,3.3766233766233764,3.2738785733733393,0.01948051948051948,0.012987012987012988,0.3463817131160542,0.3836303942709154,0.5297643262506576,0.4033583932188256,0.0562755354536886,0.5833773174122789,0.6039582895940426,0.6727012383056873,0.6112785969368405,0.03182666494381487
100,0.75,123,A2,moderate,99.0,0.6013390339036442,158,770,0.5571428571428572,0.012658227848101266,98.73417721518987,44.285714285714285,3.8686196031291424,0.42337662337662335,0.012987012987012988,0.3463817131160542,0.3836303942709154,0.5297643262506576,0.4033583932188256,0.0562755354536886,0.5833773174122789,0.6039582895940426,0.6727012383056873,0.6112785969368405,0.03182666494381487
100,0.75,2026,A2,moderate,97.5,0.578716506182616,158,770,0.625974025974026,0.012658227848101266,98.73417721518987,37.4025974025974,3.602790943401366,0.4714285714285714,0.006493506493506494,0.34250980616293986,0.3829548832858906,0.5023308668235321,0.39841198825989266,0.05433610386283154,0.5666664989048518,0.5854560674842119,0.6487763523755264,0.59453199838863,0.03130503207696684
100,0.75,2026,A2,moderate,99.0,0.6151051873584047,158,770,0.2077922077922078,0.0,100.0,79.22077922077922,4.272487123084212,0.11818181818181818,0.006493506493506494,0.34250980616293986,0.3829548832858906,0.5023308668235321,0.39841198825989266,0.05433610386283154,0.5666664989048518,0.5854560674842119,0.6487763523755264,0.59453199838863,0.03130503207696684
100,0.75,42,A2,strong,97.5,0.5940965701875562,158,770,0.4766233766233766,0.006329113924050633,99.36708860759494,52.33766233766234,3.893533851237199,0.2,0.0,0.3423421326226776,0.38266945273594244,0.5153441417216763,0.3980038869825804,0.05430211358877265,0.5669239639979523,0.5927720489774675,0.6607130247734978,0.6008050316625886,0.03180254517011263
100,0.75,42,A2,strong,99.0,0.6075422720631378,158,770,0.35714285714285715,0.006329113924050633,99.36708860759494,64.28571428571429,4.141143032297908,0.18051948051948052,0.0,0.3423421326226776,0.38266945273594244,0.5153441417216763,0.3980038869825804,0.05430211358877265,0.5669239639979523,0.5927720489774675,0.6607130247734978,0.6008050316625886,0.03180254517011263
100,0.75,123,A2,strong,97.5,0.5678696639978582,158,770,0.9922077922077922,0.012658227848101266,98.73417721518987,0.7792207792207793,3.2738785733733393,0.003896103896103896,0.0,0.3463817131160542,0.3836303942709154,0.5297643262506576,0.4033583932188256,0.0562755354536886,0.5854971021527703,0.6048362083872872,0.6727012383056873,0.6142542679533509,0.027936909187020215
100,0.75,123,A2,strong,99.0,0.6013390339036442,158,770,0.5844155844155844,0.012658227848101266,98.73417721518987,41.55844155844156,3.8686196031291424,0.44155844155844154,0.0,0.3463817131160542,0.3836303942709154,0.5297643262506576,0.4033583932188256,0.0562755354536886,0.5854971021527703,0.6048362083872872,0.6727012383056873,0.6142542679533509,0.027936909187020215
100,0.75,2026,A2,strong,97.5,0.578716506182616,158,770,0.6597402597402597,0.012658227848101266,98.73417721518987,34.02597402597402,3.602790943401366,0.4922077922077922,0.0,0.34250980616293986,0.3829548832858906,0.5023308668235321,0.39841198825989266,0.05433610386283154,0.5696660543371492,0.5864245692199733,0.6487763523755264,0.5967138192127656,0.02896538445034502
100,0.75,2026,A2,strong,99.0,0.6151051873584047,158,770,0.21168831168831168,0.0,100.0,78.83116883116882,4.272487123084212,0.11558441558441558,0.0,0.34250980616293986,0.3829548832858906,0.5023308668235321,0.39841198825989266,0.05433610386283154,0.5696660543371492,0.5864245692199733,0.6487763523755264,0.5967138192127656,0.02896538445034502
100,0.75,42,A3,mild,97.5,0.5940965701875562,158,770,0.016883116883116882,0.006329113924050633,99.36708860759494,98.31168831168831,3.893533851237199,0.012987012987012988,0.8207792207792208,0.3423421326226776,0.38266945273594244,0.5153441417216763,0.3980038869825804,0.05430211358877265,0.3563318949122486,0.43554638314628463,0.5669915589929505,0.44515915975522063,0.06640169453196236
100,0.75,42,A3,mild,99.0,0.6075422720631378,158,770,0.007792207792207792,0.006329113924050633,99.36708860759494,99.22077922077922,4.141143032297908,0.014285714285714285,0.8207792207792208,0.3423421326226776,0.38266945273594244,0.5153441417216763,0.3980038869825804,0.05430211358877265,0.3563318949122486,0.43554638314628463,0.5669915589929505,0.44515915975522063,0.06640169453196236
100,0.75,123,A3,mild,97.5,0.5678696639978582,158,770,0.08051948051948052,0.012658227848101266,98.73417721518987,91.94805194805194,3.2738785733733393,0.03766233766233766,0.8181818181818182,0.3463817131160542,0.3836303942709154,0.5297643262506576,0.4033583932188256,0.0562755354536886,0.35924523019886645,0.4426655238523134,0.5892796621074129,0.4547769764167355,0.0711836382668085
100,0.75,123,A3,mild,99.0,0.6013390339036442,158,770,0.033766233766233764,0.012658227848101266,98.73417721518987,96.62337662337663,3.8686196031291424,0.024675324675324677,0.8181818181818182,0.3463817131160542,0.3836303942709154,0.5297643262506576,0.4033583932188256,0.0562755354536886,0.35924523019886645,0.4426655238523134,0.5892796621074129,0.4547769764167355,0.0711836382668085
100,0.75,2026,A3,mild,97.5,0.578716506182616,158,770,0.03506493506493506,0.012658227848101266,98.73417721518987,96.4935064935065,3.602790943401366,0.03116883116883117,0.8285714285714286,0.34250980616293986,0.3829548832858906,0.5023308668235321,0.39841198825989266,0.05433610386283154,0.35524509796266246,0.4251947683751307,0.5714337890233566,0.4384146068676535,0.06550599959989473
100,0.75,2026,A3,mild,99.0,0.6151051873584047,158,770,0.006493506493506494,0.0,100.0,99.35064935064936,4.272487123084212,0.014285714285714285,0.8285714285714286,0.34250980616293986,0.3829548832858906,0.5023308668235321,0.39841198825989266,0.05433610386283154,0.35524509796266246,0.4251947683751307,0.5714337890233566,0.4384146068676535,0.06550599959989473
100,0.75,42,A3,moderate,97.5,0.5940965701875562,158,770,0.08441558441558442,0.006329113924050633,99.36708860759494,91.55844155844156,3.893533851237199,0.08311688311688312,0.4818181818181818,0.3423421326226776,0.38266945273594244,0.5153441417216763,0.3980038869825804,0.05430211358877265,0.3819765305583768,0.5172963110893318,0.6010639537914323,0.5077891120006803,0.06750360773510468
100,0.75,42,A3,moderate,99.0,0.6075422720631378,158,770,0.032467532467532464,0.006329113924050633,99.36708860759494,96.75324675324676,4.141143032297908,0.05454545454545454,0.4818181818181818,0.3423421326226776,0.38266945273594244,0.5153441417216763,0.3980038869825804,0.05430211358877265,0.3819765305583768,0.5172963110893318,0.6010639537914323,0.5077891120006803,0.06750360773510468
100,0.75,123,A3,moderate,97.5,0.5678696639978582,158,770,0.3077922077922078,0.012658227848101266,98.73417721518987,69.22077922077922,3.2738785733733393,0.1,0.4922077922077922,0.3463817131160542,0.3836303942709154,0.5297643262506576,0.4033583932188256,0.0562755354536886,0.3916119353496626,0.5304609695746165,0.6328696261846191,0.5214563389958655,0.07487744608574032
100,0.75,123,A3,moderate,99.0,0.6013390339036442,158,770,0.14285714285714285,0.012658227848101266,98.73417721518987,85.71428571428571,3.8686196031291424,0.08181818181818182,0.4922077922077922,0.3463817131160542,0.3836303942709154,0.5297643262506576,0.4033583932188256,0.0562755354536886,0.3916119353496626,0.5304609695746165,0.6328696261846191,0.5214563389958655,0.07487744608574032
100,0.75,2026,A3,moderate,97.5,0.578716506182616,158,770,0.14805194805194805,0.012658227848101266,98.73417721518987,85.19480519480518,3.602790943401366,0.07142857142857142,0.522077922077922,0.34250980616293986,0.3829548832858906,0.5023308668235321,0.39841198825989266,0.05433610386283154,0.3771915955314417,0.4987186069633849,0.6010415234218861,0.49645067646886115,0.07052340057532462
100,0.75,2026,A3,moderate,99.0,0.6151051873584047,158,770,0.01818181818181818,0.0,100.0,98.18181818181819,4.272487123084212,0.02857142857142857,0.522077922077922,0.34250980616293986,0.3829548832858906,0.5023308668235321,0.39841198825989266,0.05433610386283154,0.3771915955314417,0.4987186069633849,0.6010415234218861,0.49645067646886115,0.07052340057532462
100,0.75,42,A3,strong,97.5,0.5940965701875562,158,770,0.21298701298701297,0.006329113924050633,99.36708860759494,78.70129870129871,3.893533851237199,0.2012987012987013,0.21428571428571427,0.3423421326226776,0.38266945273594244,0.5153441417216763,0.3980038869825804,0.05430211358877265,0.44448817714271927,0.5683931616184491,0.6214659217902788,0.5540669988769206,0.05553084200905475
100,0.75,42,A3,strong,99.0,0.6075422720631378,158,770,0.10909090909090909,0.006329113924050633,99.36708860759494,89.0909090909091,4.141143032297908,0.11168831168831168,0.21428571428571427,0.3423421326226776,0.38266945273594244,0.5153441417216763,0.3980038869825804,0.05430211358877265,0.44448817714271927,0.5683931616184491,0.6214659217902788,0.5540669988769206,0.05553084200905475
100,0.75,123,A3,strong,97.5,0.5678696639978582,158,770,0.6285714285714286,0.012658227848101266,98.73417721518987,37.142857142857146,3.2738785733733393,0.09350649350649351,0.22207792207792207,0.3463817131160542,0.3836303942709154,0.5297643262506576,0.4033583932188256,0.0562755354536886,0.4530025540324757,0.5892943372965944,0.6465162947660242,0.5730546940010992,0.06293404540781301
100,0.75,123,A3,strong,99.0,0.6013390339036442,158,770,0.3974025974025974,0.012658227848101266,98.73417721518987,60.259740259740255,3.8686196031291424,0.15844155844155844,0.22207792207792207,0.3463817131160542,0.3836303942709154,0.5297643262506576,0.4033583932188256,0.0562755354536886,0.4530025540324757,0.5892943372965944,0.6465162947660242,0.5730546940010992,0.06293404540781301
100,0.75,2026,A3,strong,97.5,0.578716506182616,158,770,0.35324675324675325,0.012658227848101266,98.73417721518987,64.67532467532467,3.602790943401366,0.14285714285714285,0.24285714285714285,0.34250980616293986,0.3829548832858906,0.5023308668235321,0.39841198825989266,0.05433610386283154,0.4235357375486827,0.561433535288963,0.6248496553381497,0.5455097886827031,0.0625227243359782
100,0.75,2026,A3,strong,99.0,0.6151051873584047,158,770,0.08441558441558442,0.0,100.0,91.55844155844156,4.272487123084212,0.07662337662337662,0.24285714285714285,0.34250980616293986,0.3829548832858906,0.5023308668235321,0.39841198825989266,0.05433610386283154,0.4235357375486827,0.561433535288963,0.6248496553381497,0.5455097886827031,0.0625227243359782
100,1.0,42,A2,mild,95.0,0.5548682376720724,158,770,0.8324675324675325,0.0189873417721519,98.10126582278481,16.753246753246753,2.941430235832387,0.12857142857142856,0.07662337662337662,0.33512863281617344,0.3706388890688509,0.5250431311304007,0.39361483816165393,0.06263257457509848,0.5107349906286132,0.5786229063948878,0.6450699750840856,0.580502480676556,0.04302169631837064
100,1.0,42,A2,mild,97.5,0.5897900944184286,158,770,0.36363636363636365,0.0189873417721519,98.10126582278481,63.63636363636363,3.4989972364429676,0.21948051948051947,0.07662337662337662,0.33512863281617344,0.3706388890688509,0.5250431311304007,0.39361483816165393,0.06263257457509848,0.5107349906286132,0.5786229063948878,0.6450699750840856,0.580502480676556,0.04302169631837064
100,1.0,42,A2,mild,99.0,0.6260989696377472,158,770,0.13376623376623376,0.006329113924050633,99.36708860759494,86.62337662337663,4.078709558116463,0.09480519480519481,0.07662337662337662,0.33512863281617344,0.3706388890688509,0.5250431311304007,0.39361483816165393,0.06263257457509848,0.5107349906286132,0.5786229063948878,0.6450699750840856,0.580502480676556,0.04302169631837064
100,1.0,123,A2,mild,95.0,0.5371306863855698,158,770,0.9441558441558442,0.0379746835443038,96.20253164556962,5.584415584415584,2.605841769699185,0.01818181818181818,0.04935064935064935,0.34612598774050135,0.38285557307384976,0.525030920322648,0.40312958672973276,0.05920356143862464,0.529161552606455,0.6145348312842013,0.6658885938228163,0.6106268613377444,0.04289549094021176
100,1.0,123,A2,mild,97.5,0.600432171751242,158,770,0.7519480519480519,0.0189873417721519,98.10126582278481,24.805194805194805,3.6750592935688555,0.22987012987012986,0.04935064935064935,0.34612598774050135,0.38285557307384976,0.525030920322648,0.40312958672973276,0.05920356143862464,0.529161552606455,0.6145348312842013,0.6658885938228163,0.6106268613377444,0.04289549094021176
100,1.0,123,A2,mild,99.0,0.6102161996771595,158,770,0.6064935064935065,0.006329113924050633,99.36708860759494,39.350649350649356,3.840320093564147,0.36883116883116884,0.04935064935064935,0.34612598774050135,0.38285557307384976,0.525030920322648,0.40312958672973276,0.05920356143862464,0.529161552606455,0.6145348312842013,0.6658885938228163,0.6106268613377444,0.04289549094021176
100,1.0,2026,A2,mild,95.0,0.5517826831889318,158,770,0.8467532467532467,0.0189873417721519,98.10126582278481,15.324675324675324,2.9462280954654276,0.05714285714285714,0.07142857142857142,0.3429795214770978,0.3805703756526255,0.5088412687522835,0.39769387394730665,0.05811237351236348,0.49699421501804075,0.5870707343603556,0.6590591237561377,0.5861718534329838,0.049092218096140144
100,1.0,2026,A2,mild,97.5,0.5884630705672544,158,770,0.4818181818181818,0.012658227848101266,98.73417721518987,51.81818181818182,3.5774256384554572,0.34285714285714286,0.07142857142857142,0.3429795214770978,0.3805703756526255,0.5088412687522835,0.39769387394730665,0.05811237351236348,0.49699421501804075,0.5870707343603556,0.6590591237561377,0.5861718534329838,0.049092218096140144
100,1.0,2026,A2,mild,99.0,0.6290703147185265,158,770,0.13896103896103895,0.0,100.0,86.1038961038961,4.27619668663219,0.07922077922077922,0.07142857142857142,0.3429795214770978,0.3805703756526255,0.5088412687522835,0.39769387394730665,0.05811237351236348,0.49699421501804075,0.5870707343603556,0.6590591237561377,0.5861718534329838,0.049092218096140144
100,1.0,42,A2,moderate,95.0,0.5548682376720724,158,770,0.9701298701298702,0.0189873417721519,98.10126582278481,2.987012987012987,2.941430235832387,0.08311688311688312,0.01038961038961039,0.33512863281617344,0.3706388890688509,0.5250431311304007,0.39361483816165393,0.06263257457509848,0.5608727506997061,0.5863048361166341,0.6462394299703781,0.5935871389786418,0.030792228908666678
100,1.0,42,A2,moderate,97.5,0.5897900944184286,158,770,0.4649350649350649,0.0189873417721519,98.10126582278481,53.5064935064935,3.4989972364429676,0.2584415584415584,0.01038961038961039,0.33512863281617344,0.3706388890688509,0.5250431311304007,0.39361483816165393,0.06263257457509848,0.5608727506997061,0.5863048361166341,0.6462394299703781,0.5935871389786418,0.030792228908666678
100,1.0,42,A2,moderate,99.0,0.6260989696377472,158,770,0.15194805194805194,0.006329113924050633,99.36708860759494,84.8051948051948,4.078709558116463,0.12597402597402596,0.01038961038961039,0.33512863281617344,0.3706388890688509,0.5250431311304007,0.39361483816165393,0.06263257457509848,0.5608727506997061,0.5863048361166341,0.6462394299703781,0.5935871389786418,0.030792228908666678
100,1.0,123,A2,moderate,95.0,0.5371306863855698,158,770,0.9922077922077922,0.0379746835443038,96.20253164556962,0.7792207792207793,2.605841769699185,0.003896103896103896,0.005194805194805195,0.34612598774050135,0.38285557307384976,0.525030920322648,0.40312958672973276,0.05920356143862464,0.5997605575986149,0.6207734154793023,0.6667870892991848,0.6247498174639438,0.02417495340720915
100,1.0,123,A2,moderate,97.5,0.600432171751242,158,770,0.9285714285714286,0.0189873417721519,98.10126582278481,7.142857142857142,3.6750592935688555,0.2025974025974026,0.005194805194805195,0.34612598774050135,0.38285557307384976,0.525030920322648,0.40312958672973276,0.05920356143862464,0.5997605575986149,0.6207734154793023,0.6667870892991848,0.6247498174639438,0.02417495340720915
100,1.0,123,A2,moderate,99.0,0.6102161996771595,158,770,0.7818181818181819,0.006329113924050633,99.36708860759494,21.818181818181817,3.840320093564147,0.41818181818181815,0.005194805194805195,0.34612598774050135,0.38285557307384976,0.525030920322648,0.40312958672973276,0.05920356143862464,0.5997605575986149,0.6207734154793023,0.6667870892991848,0.6247498174639438,0.02417495340720915
100,1.0,2026,A2,moderate,95.0,0.5517826831889318,158,770,0.9805194805194806,0.0189873417721519,98.10126582278481,1.948051948051948,2.9462280954654276,0.01038961038961039,0.007792207792207792,0.3429795214770978,0.3805703756526255,0.5088412687522835,0.39769387394730665,0.05811237351236348,0.5754094366300889,0.5937301838841754,0.6603197472317639,0.6036615877450575,0.031322024552451734
100,1.0,2026,A2,moderate,97.5,0.5884630705672544,158,770,0.6415584415584416,0.012658227848101266,98.73417721518987,35.84415584415584,3.5774256384554572,0.4597402597402597,0.007792207792207792,0.3429795214770978,0.3805703756526255,0.5088412687522835,0.39769387394730665,0.05811237351236348,0.5754094366300889,0.5937301838841754,0.6603197472317639,0.6036615877450575,0.031322024552451734
100,1.0,2026,A2,moderate,99.0,0.6290703147185265,158,770,0.17532467532467533,0.0,100.0,82.46753246753246,4.27619668663219,0.09220779220779221,0.007792207792207792,0.3429795214770978,0.3805703756526255,0.5088412687522835,0.39769387394730665,0.05811237351236348,0.5754094366300889,0.5937301838841754,0.6603197472317639,0.6036615877450575,0.031322024552451734
100,1.0,42,A2,strong,95.0,0.5548682376720724,158,770,0.9935064935064936,0.0189873417721519,98.10126582278481,0.6493506493506493,2.941430235832387,0.06883116883116883,0.0,0.33512863281617344,0.3706388890688509,0.5250431311304007,0.39361483816165393,0.06263257457509848,0.5629284469430503,0.5871142151749879,0.6462394299703781,0.5953035952354889,0.02911509651926994
100,1.0,42,A2,strong,97.5,0.5897900944184286,158,770,0.4792207792207792,0.0189873417721519,98.10126582278481,52.07792207792208,3.4989972364429676,0.2636363636363636,0.0,0.33512863281617344,0.3706388890688509,0.5250431311304007,0.39361483816165393,0.06263257457509848,0.5629284469430503,0.5871142151749879,0.6462394299703781,0.5953035952354889,0.02911509651926994
100,1.0,42,A2,strong,99.0,0.6260989696377472,158,770,0.15974025974025974,0.006329113924050633,99.36708860759494,84.02597402597402,4.078709558116463,0.13506493506493505,0.0,0.33512863281617344,0.3706388890688509,0.5250431311304007,0.39361483816165393,0.06263257457509848,0.5629284469430503,0.5871142151749879,0.6462394299703781,0.5953035952354889,0.02911509651926994
100,1.0,123,A2,strong,95.0,0.5371306863855698,158,770,1.0,0.0379746835443038,96.20253164556962,0.0,2.605841769699185,0.0,0.0,0.34612598774050135,0.38285557307384976,0.525030920322648,0.40312958672973276,0.05920356143862464,0.6009130490969596,0.6208861724362256,0.6667870892991848,0.6264798196992183,0.021489166019238302
100,1.0,123,A2,strong,97.5,0.600432171751242,158,770,0.9532467532467532,0.0189873417721519,98.10126582278481,4.675324675324675,3.6750592935688555,0.19480519480519481,0.0,0.34612598774050135,0.38285557307384976,0.525030920322648,0.40312958672973276,0.05920356143862464,0.6009130490969596,0.6208861724362256,0.6667870892991848,0.6264798196992183,0.021489166019238302
100,1.0,123,A2,strong,99.0,0.6102161996771595,158,770,0.8051948051948052,0.006329113924050633,99.36708860759494,19.480519480519483,3.840320093564147,0.42597402597402595,0.0,0.34612598774050135,0.38285557307384976,0.525030920322648,0.40312958672973276,0.05920356143862464,0.6009130490969596,0.6208861724362256,0.6667870892991848,0.6264798196992183,0.021489166019238302
100,1.0,2026,A2,strong,95.0,0.5517826831889318,158,770,0.9987012987012988,0.0189873417721519,98.10126582278481,0.12987012987012986,2.9462280954654276,0.005194805194805195,0.0,0.3429795214770978,0.3805703756526255,0.5088412687522835,0.39769387394730665,0.05811237351236348,0.578137454704393,0.5945452106194953,0.6603197472317639,0.6058438971944426,0.028480619128833904
100,1.0,2026,A2,strong,97.5,0.5884630705672544,158,770,0.6636363636363637,0.012658227848101266,98.73417721518987,33.63636363636363,3.5774256384554572,0.4753246753246753,0.0,0.3429795214770978,0.3805703756526255,0.5088412687522835,0.39769387394730665,0.05811237351236348,0.578137454704393,0.5945452106194953,0.6603197472317639,0.6058438971944426,0.028480619128833904
100,1.0,2026,A2,strong,99.0,0.6290703147185265,158,770,0.17922077922077922,0.0,100.0,82.07792207792208,4.27619668663219,0.09610389610389611,0.0,0.3429795214770978,0.3805703756526255,0.5088412687522835,0.39769387394730665,0.05811237351236348,0.578137454704393,0.5945452106194953,0.6603197472317639,0.6058438971944426,0.028480619128833904
100,1.0,42,A3,mild,95.0,0.5548682376720724,158,770,0.07792207792207792,0.0189873417721519,98.10126582278481,92.20779220779221,2.941430235832387,0.033766233766233764,0.8545454545454545,0.33512863281617344,0.3706388890688509,0.5250431311304007,0.39361483816165393,0.06263257457509848,0.3447785911866472,0.42280855080031576,0.5754625917999638,0.43659529262013136,0.0717176888754912
100,1.0,42,A3,mild,97.5,0.5897900944184286,158,770,0.02857142857142857,0.0189873417721519,98.10126582278481,97.14285714285714,3.4989972364429676,0.014285714285714285,0.8545454545454545,0.33512863281617344,0.3706388890688509,0.5250431311304007,0.39361483816165393,0.06263257457509848,0.3447785911866472,0.42280855080031576,0.5754625917999638,0.43659529262013136,0.0717176888754912
100,1.0,42,A3,mild,99.0,0.6260989696377472,158,770,0.003896103896103896,0.006329113924050633,99.36708860759494,99.61038961038962,4.078709558116463,0.006493506493506494,0.8545454545454545,0.33512863281617344,0.3706388890688509,0.5250431311304007,0.39361483816165393,0.06263257457509848,0.3447785911866472,0.42280855080031576,0.5754625917999638,0.43659529262013136,0.0717176888754912
100,1.0,123,A3,mild,95.0,0.5371306863855698,158,770,0.12467532467532468,0.0379746835443038,96.20253164556962,87.53246753246754,2.605841769699185,0.03896103896103896,0.8545454545454545,0.34612598774050135,0.38285557307384976,0.525030920322648,0.40312958672973276,0.05920356143862464,0.3566857585982621,0.4380427646416327,0.5768753232099098,0.44910636927926995,0.06855332552951343
100,1.0,123,A3,mild,97.5,0.600432171751242,158,770,0.02207792207792208,0.0189873417721519,98.10126582278481,97.79220779220779,3.6750592935688555,0.012987012987012988,0.8545454545454545,0.34612598774050135,0.38285557307384976,0.525030920322648,0.40312958672973276,0.05920356143862464,0.3566857585982621,0.4380427646416327,0.5768753232099098,0.44910636927926995,0.06855332552951343
100,1.0,123,A3,mild,99.0,0.6102161996771595,158,770,0.01948051948051948,0.006329113924050633,99.36708860759494,98.05194805194806,3.840320093564147,0.01038961038961039,0.8545454545454545,0.34612598774050135,0.38285557307384976,0.525030920322648,0.40312958672973276,0.05920356143862464,0.3566857585982621,0.4380427646416327,0.5768753232099098,0.44910636927926995,0.06855332552951343
100,1.0,2026,A3,mild,95.0,0.5517826831889318,158,770,0.05194805194805195,0.0189873417721519,98.10126582278481,94.8051948051948,2.9462280954654276,0.024675324675324677,0.8272727272727273,0.3429795214770978,0.3805703756526255,0.5088412687522835,0.39769387394730665,0.05811237351236348,0.34858376636246663,0.41910905034349344,0.5588462242094335,0.4338342054985582,0.06519466394041987
100,1.0,2026,A3,mild,97.5,0.5884630705672544,158,770,0.01818181818181818,0.012658227848101266,98.73417721518987,98.18181818181819,3.5774256384554572,0.023376623376623377,0.8272727272727273,0.3429795214770978,0.3805703756526255,0.5088412687522835,0.39769387394730665,0.05811237351236348,0.34858376636246663,0.41910905034349344,0.5588462242094335,0.4338342054985582,0.06519466394041987
100,1.0,2026,A3,mild,99.0,0.6290703147185265,158,770,0.0,0.0,100.0,100.0,4.27619668663219,0.003896103896103896,0.8272727272727273,0.3429795214770978,0.3805703756526255,0.5088412687522835,0.39769387394730665,0.05811237351236348,0.34858376636246663,0.41910905034349344,0.5588462242094335,0.4338342054985582,0.06519466394041987
100,1.0,42,A3,moderate,95.0,0.5548682376720724,158,770,0.24935064935064935,0.0189873417721519,98.10126582278481,75.06493506493507,2.941430235832387,0.08701298701298701,0.6155844155844156,0.33512863281617344,0.3706388890688509,0.5250431311304007,0.39361483816165393,0.06263257457509848,0.36995770798971755,0.504956853070912,0.6033516742716604,0.49781470719509435,0.07333002822008515
100,1.0,42,A3,moderate,97.5,0.5897900944184286,158,770,0.0987012987012987,0.0189873417721519,98.10126582278481,90.12987012987013,3.4989972364429676,0.07922077922077922,0.6155844155844156,0.33512863281617344,0.3706388890688509,0.5250431311304007,0.39361483816165393,0.06263257457509848,0.36995770798971755,0.504956853070912,0.6033516742716604,0.49781470719509435,0.07333002822008515
100,1.0,42,A3,moderate,99.0,0.6260989696377472,158,770,0.01948051948051948,0.006329113924050633,99.36708860759494,98.05194805194806,4.078709558116463,0.012987012987012988,0.6155844155844156,0.33512863281617344,0.3706388890688509,0.5250431311304007,0.39361483816165393,0.06263257457509848,0.36995770798971755,0.504956853070912,0.6033516742716604,0.49781470719509435,0.07333002822008515
100,1.0,123,A3,moderate,95.0,0.5371306863855698,158,770,0.37142857142857144,0.0379746835443038,96.20253164556962,62.857142857142854,2.605841769699185,0.09610389610389611,0.564935064935065,0.34612598774050135,0.38285557307384976,0.525030920322648,0.40312958672973276,0.05920356143862464,0.3868357609934828,0.5155633422738268,0.6088875928135841,0.5081839040465301,0.07023194013477146
100,1.0,123,A3,moderate,97.5,0.600432171751242,158,770,0.09350649350649351,0.0189873417721519,98.10126582278481,90.64935064935065,3.6750592935688555,0.08051948051948052,0.564935064935065,0.34612598774050135,0.38285557307384976,0.525030920322648,0.40312958672973276,0.05920356143862464,0.3868357609934828,0.5155633422738268,0.6088875928135841,0.5081839040465301,0.07023194013477146
100,1.0,123,A3,moderate,99.0,0.6102161996771595,158,770,0.045454545454545456,0.006329113924050633,99.36708860759494,95.45454545454545,3.840320093564147,0.06363636363636363,0.564935064935065,0.34612598774050135,0.38285557307384976,0.525030920322648,0.40312958672973276,0.05920356143862464,0.3868357609934828,0.5155633422738268,0.6088875928135841,0.5081839040465301,0.07023194013477146
100,1.0,2026,A3,moderate,95.0,0.5517826831889318,158,770,0.17662337662337663,0.0189873417721519,98.10126582278481,82.33766233766234,2.9462280954654276,0.10519480519480519,0.5909090909090909,0.3429795214770978,0.3805703756526255,0.5088412687522835,0.39769387394730665,0.05811237351236348,0.3735007597673738,0.49476718337736814,0.5835038454215072,0.4876568183596255,0.06548342066535569
100,1.0,2026,A3,moderate,97.5,0.5884630705672544,158,770,0.046753246753246755,0.012658227848101266,98.73417721518987,95.32467532467533,3.5774256384554572,0.02857142857142857,0.5909090909090909,0.3429795214770978,0.3805703756526255,0.5088412687522835,0.39769387394730665,0.05811237351236348,0.3735007597673738,0.49476718337736814,0.5835038454215072,0.4876568183596255,0.06548342066535569
100,1.0,2026,A3,moderate,99.0,0.6290703147185265,158,770,0.007792207792207792,0.0,100.0,99.22077922077922,4.27619668663219,0.005194805194805195,0.5909090909090909,0.3429795214770978,0.3805703756526255,0.5088412687522835,0.39769387394730665,0.05811237351236348,0.3735007597673738,0.49476718337736814,0.5835038454215072,0.4876568183596255,0.06548342066535569
100,1.0,42,A3,strong,95.0,0.5548682376720724,158,770,0.5194805194805194,0.0189873417721519,98.10126582278481,48.05194805194805,2.941430235832387,0.11298701298701298,0.3064935064935065,0.33512863281617344,0.3706388890688509,0.5250431311304007,0.39361483816165393,0.06263257457509848,0.4222815442025046,0.5570494899306522,0.6288326362413366,0.5453272831110076,0.06295734403286687
100,1.0,42,A3,strong,97.5,0.5897900944184286,158,770,0.2519480519480519,0.0189873417721519,98.10126582278481,74.8051948051948,3.4989972364429676,0.19480519480519481,0.3064935064935065,0.33512863281617344,0.3706388890688509,0.5250431311304007,0.39361483816165393,0.06263257457509848,0.4222815442025046,0.5570494899306522,0.6288326362413366,0.5453272831110076,0.06295734403286687
100,1.0,42,A3,strong,99.0,0.6260989696377472,158,770,0.05974025974025974,0.006329113924050633,99.36708860759494,94.02597402597402,4.078709558116463,0.03636363636363636,0.3064935064935065,0.33512863281617344,0.3706388890688509,0.5250431311304007,0.39361483816165393,0.06263257457509848,0.4222815442025046,0.5570494899306522,0.6288326362413366,0.5453272831110076,0.06295734403286687
100,1.0,123,A3,strong,95.0,0.5371306863855698,158,770,0.6935064935064935,0.0379746835443038,96.20253164556962,30.649350649350648,2.605841769699185,0.07922077922077922,0.2714285714285714,0.34612598774050135,0.38285557307384976,0.525030920322648,0.40312958672973276,0.05920356143862464,0.4348350052584263,0.5691315214901107,0.6288890768162553,0.5551600080691426,0.060063011174325845
100,1.0,123,A3,strong,97.5,0.600432171751242,158,770,0.23636363636363636,0.0189873417721519,98.10126582278481,76.36363636363637,3.6750592935688555,0.19220779220779222,0.2714285714285714,0.34612598774050135,0.38285557307384976,0.525030920322648,0.40312958672973276,0.05920356143862464,0.4348350052584263,0.5691315214901107,0.6288890768162553,0.5551600080691426,0.060063011174325845
100,1.0,123,A3,strong,99.0,0.6102161996771595,158,770,0.13246753246753246,0.006329113924050633,99.36708860759494,86.75324675324674,3.840320093564147,0.14545454545454545,0.2714285714285714,0.34612598774050135,0.38285557307384976,0.525030920322648,0.40312958672973276,0.05920356143862464,0.4348350052584263,0.5691315214901107,0.6288890768162553,0.5551600080691426,0.060063011174325845
100,1.0,2026,A3,strong,95.0,0.5517826831889318,158,770,0.45064935064935063,0.0189873417721519,98.10126582278481,54.935064935064936,2.9462280954654276,0.2064935064935065,0.2922077922077922,0.3429795214770978,0.3805703756526255,0.5088412687522835,0.39769387394730665,0.05811237351236348,0.4191429685163136,0.5453388236428016,0.6010198245732359,0.5317193430310588,0.055821091857654645
100,1.0,2026,A3,strong,97.5,0.5884630705672544,158,770,0.10649350649350649,0.012658227848101266,98.73417721518987,89.35064935064935,3.5774256384554572,0.08831168831168831,0.2922077922077922,0.3429795214770978,0.3805703756526255,0.5088412687522835,0.39769387394730665,0.05811237351236348,0.4191429685163136,0.5453388236428016,0.6010198245732359,0.5317193430310588,0.055821091857654645
100,1.0,2026,A3,strong,99.0,0.6290703147185265,158,770,0.01948051948051948,0.0,100.0,98.05194805194806,4.27619668663219,0.015584415584415584,0.2922077922077922,0.3429795214770978,0.3805703756526255,0.5088412687522835,0.39769387394730665,0.05811237351236348,0.4191429685163136,0.5453388236428016,0.6010198245732359,0.5317193430310588,0.055821091857654645
200,0.75,42,A2,mild,95.0,0.540861445635164,158,770,0.8454545454545455,0.03164556962025317,96.83544303797468,15.454545454545453,2.835624555401532,0.07012987012987013,0.08181818181818182,0.34251754025992237,0.3796866990977671,0.5101374290568483,0.39796020060906884,0.05683924066406392,0.4945907704121296,0.571853469282728,0.6514670266017648,0.5749330732224066,0.047552900718669806
200,0.75,42,A2,mild,97.5,0.5894471844358777,158,770,0.3051948051948052,0.012658227848101266,98.73417721518987,69.48051948051948,3.6904167418043947,0.14155844155844155,0.08181818181818182,0.34251754025992237,0.3796866990977671,0.5101374290568483,0.39796020060906884,0.05683924066406392,0.4945907704121296,0.571853469282728,0.6514670266017648,0.5749330732224066,0.047552900718669806
200,0.75,42,A2,mild,99.0,0.61517983233989,158,770,0.18311688311688312,0.006329113924050633,99.36708860759494,81.68831168831169,4.14314354820386,0.11038961038961038,0.08181818181818182,0.34251754025992237,0.3796866990977671,0.5101374290568483,0.39796020060906884,0.05683924066406392,0.4945907704121296,0.571853469282728,0.6514670266017648,0.5749330732224066,0.047552900718669806
200,0.75,123,A2,mild,95.0,0.5414269362857094,158,770,0.8831168831168831,0.03164556962025317,96.83544303797468,11.688311688311687,2.724735603838597,0.04415584415584416,0.1012987012987013,0.34677845570767574,0.38631866041861773,0.531855249872773,0.40499870839434776,0.05692599151586514,0.5045500668048574,0.5942792781423291,0.6565376595262575,0.5907634444470163,0.047078374079779765
200,0.75,123,A2,mild,97.5,0.5778496986438261,158,770,0.7441558441558441,0.012658227848101266,98.73417721518987,25.58441558441558,3.3645621819661953,0.18571428571428572,0.1012987012987013,0.34677845570767574,0.38631866041861773,0.531855249872773,0.40499870839434776,0.05692599151586514,0.5045500668048574,0.5942792781423291,0.6565376595262575,0.5907634444470163,0.047078374079779765
200,0.75,123,A2,mild,99.0,0.6169893756903431,158,770,0.21948051948051947,0.006329113924050633,99.36708860759494,78.05194805194805,4.052115898718039,0.12987012987012986,0.1012987012987013,0.34677845570767574,0.38631866041861773,0.531855249872773,0.40499870839434776,0.05692599151586514,0.5045500668048574,0.5942792781423291,0.6565376595262575,0.5907634444470163,0.047078374079779765
200,0.75,2026,A2,mild,95.0,0.533349703386805,158,770,0.8961038961038961,0.02531645569620253,97.46835443037975,10.38961038961039,2.715327718198163,0.04935064935064935,0.05584415584415584,0.3416086518236488,0.3826831845082964,0.5109782727959178,0.399311424061474,0.05548741607458264,0.5057153080736111,0.580326414615642,0.6529463363323482,0.5825351735891053,0.04458240823850245
200,0.75,2026,A2,mild,97.5,0.591513007930827,158,770,0.34805194805194806,0.012658227848101266,98.73417721518987,65.1948051948052,3.7635528592975893,0.19480519480519481,0.05584415584415584,0.3416086518236488,0.3826831845082964,0.5109782727959178,0.399311424061474,0.05548741607458264,0.5057153080736111,0.580326414615642,0.6529463363323482,0.5825351735891053,0.04458240823850245
200,0.75,2026,A2,mild,99.0,0.6125711693428074,158,770,0.21948051948051947,0.0,100.0,78.05194805194805,4.143065240693678,0.11038961038961038,0.05584415584415584,0.3416086518236488,0.3826831845082964,0.5109782727959178,0.399311424061474,0.05548741607458264,0.5057153080736111,0.580326414615642,0.6529463363323482,0.5825351735891053,0.04458240823850245
200,0.75,42,A2,moderate,95.0,0.540861445635164,158,770,0.9818181818181818,0.03164556962025317,96.83544303797468,1.8181818181818181,2.835624555401532,0.01038961038961039,0.01038961038961039,0.34251754025992237,0.3796866990977671,0.5101374290568483,0.39796020060906884,0.05683924066406392,0.5588365283163071,0.5798281693275147,0.6574398528278006,0.5907251915472161,0.03418573937901739
200,0.75,42,A2,moderate,97.5,0.5894471844358777,158,770,0.39090909090909093,0.012658227848101266,98.73417721518987,60.909090909090914,3.6904167418043947,0.2051948051948052,0.01038961038961039,0.34251754025992237,0.3796866990977671,0.5101374290568483,0.39796020060906884,0.05683924066406392,0.5588365283163071,0.5798281693275147,0.6574398528278006,0.5907251915472161,0.03418573937901739
200,0.75,42,A2,moderate,99.0,0.61517983233989,158,770,0.23116883116883116,0.006329113924050633,99.36708860759494,76.88311688311688,4.14314354820386,0.13376623376623376,0.01038961038961039,0.34251754025992237,0.3796866990977671,0.5101374290568483,0.39796020060906884,0.05683924066406392,0.5588365283163071,0.5798281693275147,0.6574398528278006,0.5907251915472161,0.03418573937901739
200,0.75,123,A2,moderate,95.0,0.5414269362857094,158,770,0.9857142857142858,0.03164556962025317,96.83544303797468,1.4285714285714286,2.724735603838597,0.005194805194805195,0.012987012987012988,0.34677845570767574,0.38631866041861773,0.531855249872773,0.40499870839434776,0.05692599151586514,0.5806800682416832,0.5995649090782278,0.6608822943597108,0.6082621729060989,0.030199301267396932
200,0.75,123,A2,moderate,97.5,0.5778496986438261,158,770,0.9584415584415584,0.012658227848101266,98.73417721518987,4.1558441558441555,3.3645621819661953,0.15324675324675324,0.012987012987012988,0.34677845570767574,0.38631866041861773,0.531855249872773,0.40499870839434776,0.05692599151586514,0.5806800682416832,0.5995649090782278,0.6608822943597108,0.6082621729060989,0.030199301267396932
200,0.75,123,A2,moderate,99.0,0.6169893756903431,158,770,0.2714285714285714,0.006329113924050633,99.36708860759494,72.85714285714285,4.052115898718039,0.1987012987012987,0.012987012987012988,0.34677845570767574,0.38631866041861773,0.531855249872773,0.40499870839434776,0.05692599151586514,0.5806800682416832,0.5995649090782278,0.6608822943597108,0.6082621729060989,0.030199301267396932
200,0.75,2026,A2,moderate,95.0,0.533349703386805,158,770,0.987012987012987,0.02531645569620253,97.46835443037975,1.2987012987012987,2.715327718198163,0.005194805194805195,0.007792207792207792,0.3416086518236488,0.3826831845082964,0.5109782727959178,0.399311424061474,0.05548741607458264,0.569797560183829,0.5878251506162594,0.6581763749663947,0.5975679440451953,0.0306253386500346
200,0.75,2026,A2,moderate,97.5,0.591513007930827,158,770,0.44675324675324674,0.012658227848101266,98.73417721518987,55.32467532467532,3.7635528592975893,0.2649350649350649,0.007792207792207792,0.3416086518236488,0.3826831845082964,0.5109782727959178,0.399311424061474,0.05548741607458264,0.569797560183829,0.5878251506162594,0.6581763749663947,0.5975679440451953,0.0306253386500346
200,0.75,2026,A2,moderate,99.0,0.6125711693428074,158,770,0.2688311688311688,0.0,100.0,73.11688311688312,4.143065240693678,0.13896103896103895,0.007792207792207792,0.3416086518236488,0.3826831845082964,0.5109782727959178,0.399311424061474,0.05548741607458264,0.569797560183829,0.5878251506162594,0.6581763749663947,0.5975679440451953,0.0306253386500346
200,0.75,42,A2,strong,95.0,0.540861445635164,158,770,0.9948051948051948,0.03164556962025317,96.83544303797468,0.5194805194805194,2.835624555401532,0.006493506493506494,0.0,0.34251754025992237,0.3796866990977671,0.5101374290568483,0.39796020060906884,0.05683924066406392,0.5603677792495629,0.5806207214883692,0.6576796108979833,0.5928380978046259,0.03207449374494036
200,0.75,42,A2,strong,97.5,0.5894471844358777,158,770,0.4,0.012658227848101266,98.73417721518987,60.0,3.6904167418043947,0.21298701298701297,0.0,0.34251754025992237,0.3796866990977671,0.5101374290568483,0.39796020060906884,0.05683924066406392,0.5603677792495629,0.5806207214883692,0.6576796108979833,0.5928380978046259,0.03207449374494036
200,0.75,42,A2,strong,99.0,0.61517983233989,158,770,0.23766233766233766,0.006329113924050633,99.36708860759494,76.23376623376623,4.14314354820386,0.14285714285714285,0.0,0.34251754025992237,0.3796866990977671,0.5101374290568483,0.39796020060906884,0.05683924066406392,0.5603677792495629,0.5806207214883692,0.6576796108979833,0.5928380978046259,0.03207449374494036
200,0.75,123,A2,strong,95.0,0.5414269362857094,158,770,1.0,0.03164556962025317,96.83544303797468,0.0,2.724735603838597,0.0012987012987012987,0.0,0.34677845570767574,0.38631866041861773,0.531855249872773,0.40499870839434776,0.05692599151586514,0.5839221776241426,0.6014546203273609,0.6608822943597108,0.6108068714929094,0.026927008284580643
200,0.75,123,A2,strong,97.5,0.5778496986438261,158,770,0.9896103896103896,0.012658227848101266,98.73417721518987,1.0389610389610389,3.3645621819661953,0.14415584415584415,0.0,0.34677845570767574,0.38631866041861773,0.531855249872773,0.40499870839434776,0.05692599151586514,0.5839221776241426,0.6014546203273609,0.6608822943597108,0.6108068714929094,0.026927008284580643
200,0.75,123,A2,strong,99.0,0.6169893756903431,158,770,0.2818181818181818,0.006329113924050633,99.36708860759494,71.81818181818181,4.052115898718039,0.20909090909090908,0.0,0.34677845570767574,0.38631866041861773,0.531855249872773,0.40499870839434776,0.05692599151586514,0.5839221776241426,0.6014546203273609,0.6608822943597108,0.6108068714929094,0.026927008284580643
200,0.75,2026,A2,strong,95.0,0.533349703386805,158,770,1.0,0.02531645569620253,97.46835443037975,0.0,2.715327718198163,0.003896103896103896,0.0,0.3416086518236488,0.3826831845082964,0.5109782727959178,0.399311424061474,0.05548741607458264,0.571643429916473,0.5879865502332606,0.6590411651129476,0.5996043274840694,0.028441096983930943
200,0.75,2026,A2,strong,97.5,0.591513007930827,158,770,0.461038961038961,0.012658227848101266,98.73417721518987,53.896103896103895,3.7635528592975893,0.2844155844155844,0.0,0.3416086518236488,0.3826831845082964,0.5109782727959178,0.399311424061474,0.05548741607458264,0.571643429916473,0.5879865502332606,0.6590411651129476,0.5996043274840694,0.028441096983930943
200,0.75,2026,A2,strong,99.0,0.6125711693428074,158,770,0.2766233766233766,0.0,100.0,72.33766233766234,4.143065240693678,0.14415584415584415,0.0,0.3416086518236488,0.3826831845082964,0.5109782727959178,0.399311424061474,0.05548741607458264,0.571643429916473,0.5879865502332606,0.6590411651129476,0.5996043274840694,0.028441096983930943
200,0.75,42,A3,mild,95.0,0.540861445635164,158,770,0.11688311688311688,0.03164556962025317,96.83544303797468,88.31168831168831,2.835624555401532,0.04285714285714286,0.8064935064935065,0.34251754025992237,0.3796866990977671,0.5101374290568483,0.39796020060906884,0.05683924066406392,0.3540524940397608,0.4300122499357925,0.5761340767241742,0.44407923535384797,0.06991448116348782
200,0.75,42,A3,mild,97.5,0.5894471844358777,158,770,0.032467532467532464,0.012658227848101266,98.73417721518987,96.75324675324676,3.6904167418043947,0.02077922077922078,0.8064935064935065,0.34251754025992237,0.3796866990977671,0.5101374290568483,0.39796020060906884,0.05683924066406392,0.3540524940397608,0.4300122499357925,0.5761340767241742,0.44407923535384797,0.06991448116348782
200,0.75,42,A3,mild,99.0,0.61517983233989,158,770,0.012987012987012988,0.006329113924050633,99.36708860759494,98.7012987012987,4.14314354820386,0.007792207792207792,0.8064935064935065,0.34251754025992237,0.3796866990977671,0.5101374290568483,0.39796020060906884,0.05683924066406392,0.3540524940397608,0.4300122499357925,0.5761340767241742,0.44407923535384797,0.06991448116348782
200,0.75,123,A3,mild,95.0,0.5414269362857094,158,770,0.12207792207792208,0.03164556962025317,96.83544303797468,87.79220779220779,2.724735603838597,0.03896103896103896,0.8623376623376623,0.34677845570767574,0.38631866041861773,0.531855249872773,0.40499870839434776,0.05692599151586514,0.3606899754815159,0.43692252468668324,0.5769142759368884,0.4497238397337055,0.06744297205724306
200,0.75,123,A3,mild,97.5,0.5778496986438261,158,770,0.04935064935064935,0.012658227848101266,98.73417721518987,95.06493506493506,3.3645621819661953,0.025974025974025976,0.8623376623376623,0.34677845570767574,0.38631866041861773,0.531855249872773,0.40499870839434776,0.05692599151586514,0.3606899754815159,0.43692252468668324,0.5769142759368884,0.4497238397337055,0.06744297205724306
200,0.75,123,A3,mild,99.0,0.6169893756903431,158,770,0.00909090909090909,0.006329113924050633,99.36708860759494,99.0909090909091,4.052115898718039,0.014285714285714285,0.8623376623376623,0.34677845570767574,0.38631866041861773,0.531855249872773,0.40499870839434776,0.05692599151586514,0.3606899754815159,0.43692252468668324,0.5769142759368884,0.4497238397337055,0.06744297205724306
200,0.75,2026,A3,mild,95.0,0.533349703386805,158,770,0.10909090909090909,0.02531645569620253,97.46835443037975,89.0909090909091,2.715327718198163,0.04415584415584416,0.8324675324675325,0.3416086518236488,0.3826831845082964,0.5109782727959178,0.399311424061474,0.05548741607458264,0.35453205164463575,0.43218681342898974,0.5645599315987392,0.4420901896087066,0.0653964226493592
200,0.75,2026,A3,mild,97.5,0.591513007930827,158,770,0.01948051948051948,0.012658227848101266,98.73417721518987,98.05194805194806,3.7635528592975893,0.007792207792207792,0.8324675324675325,0.3416086518236488,0.3826831845082964,0.5109782727959178,0.399311424061474,0.05548741607458264,0.35453205164463575,0.43218681342898974,0.5645599315987392,0.4420901896087066,0.0653964226493592
200,0.75,2026,A3,mild,99.0,0.6125711693428074,158,770,0.006493506493506494,0.0,100.0,99.35064935064936,4.143065240693678,0.011688311688311689,0.8324675324675325,0.3416086518236488,0.3826831845082964,0.5109782727959178,0.399311424061474,0.05548741607458264,0.35453205164463575,0.43218681342898974,0.5645599315987392,0.4420901896087066,0.0653964226493592
200,0.75,42,A3,moderate,95.0,0.540861445635164,158,770,0.35844155844155845,0.03164556962025317,96.83544303797468,64.15584415584415,2.835624555401532,0.08961038961038961,0.4779220779220779,0.34251754025992237,0.3796866990977671,0.5101374290568483,0.39796020060906884,0.05683924066406392,0.37937269852016137,0.5138060320807873,0.6136933255250802,0.5075762266014348,0.07318458487575016
200,0.75,42,A3,moderate,97.5,0.5894471844358777,158,770,0.15064935064935064,0.012658227848101266,98.73417721518987,84.93506493506493,3.6904167418043947,0.06103896103896104,0.4779220779220779,0.34251754025992237,0.3796866990977671,0.5101374290568483,0.39796020060906884,0.05683924066406392,0.37937269852016137,0.5138060320807873,0.6136933255250802,0.5075762266014348,0.07318458487575016
200,0.75,42,A3,moderate,99.0,0.61517983233989,158,770,0.04415584415584416,0.006329113924050633,99.36708860759494,95.58441558441558,4.14314354820386,0.06753246753246753,0.4779220779220779,0.34251754025992237,0.3796866990977671,0.5101374290568483,0.39796020060906884,0.05683924066406392,0.37937269852016137,0.5138060320807873,0.6136933255250802,0.5075762266014348,0.07318458487575016
200,0.75,123,A3,moderate,95.0,0.5414269362857094,158,770,0.37792207792207794,0.03164556962025317,96.83544303797468,62.20779220779221,2.724735603838597,0.0987012987012987,0.577922077922078,0.34677845570767574,0.38631866041861773,0.531855249872773,0.40499870839434776,0.05692599151586514,0.38813676031073285,0.5143433505860584,0.6124679736210845,0.5102914302833309,0.07125285996629888
200,0.75,123,A3,moderate,97.5,0.5778496986438261,158,770,0.19220779220779222,0.012658227848101266,98.73417721518987,80.77922077922078,3.3645621819661953,0.1,0.577922077922078,0.34677845570767574,0.38631866041861773,0.531855249872773,0.40499870839434776,0.05692599151586514,0.38813676031073285,0.5143433505860584,0.6124679736210845,0.5102914302833309,0.07125285996629888
200,0.75,123,A3,moderate,99.0,0.6169893756903431,158,770,0.04155844155844156,0.006329113924050633,99.36708860759494,95.84415584415584,4.052115898718039,0.07922077922077922,0.577922077922078,0.34677845570767574,0.38631866041861773,0.531855249872773,0.40499870839434776,0.05692599151586514,0.38813676031073285,0.5143433505860584,0.6124679736210845,0.5102914302833309,0.07125285996629888
200,0.75,2026,A3,moderate,95.0,0.533349703386805,158,770,0.35064935064935066,0.02531645569620253,97.46835443037975,64.93506493506493,2.715327718198163,0.12337662337662338,0.5376623376623376,0.3416086518236488,0.3826831845082964,0.5109782727959178,0.399311424061474,0.05548741607458264,0.3818677481190605,0.5047018051078371,0.5979074189546566,0.4996941751388517,0.06774245107019214
200,0.75,2026,A3,moderate,97.5,0.591513007930827,158,770,0.07402597402597402,0.012658227848101266,98.73417721518987,92.5974025974026,3.7635528592975893,0.09480519480519481,0.5376623376623376,0.3416086518236488,0.3826831845082964,0.5109782727959178,0.399311424061474,0.05548741607458264,0.3818677481190605,0.5047018051078371,0.5979074189546566,0.4996941751388517,0.06774245107019214
200,0.75,2026,A3,moderate,99.0,0.6125711693428074,158,770,0.011688311688311689,0.0,100.0,98.83116883116884,4.143065240693678,0.023376623376623377,0.5376623376623376,0.3416086518236488,0.3826831845082964,0.5109782727959178,0.399311424061474,0.05548741607458264,0.3818677481190605,0.5047018051078371,0.5979074189546566,0.4996941751388517,0.06774245107019214
200,0.75,42,A3,strong,95.0,0.540861445635164,158,770,0.6883116883116883,0.03164556962025317,96.83544303797468,31.16883116883117,2.835624555401532,0.07402597402597402,0.21168831168831168,0.34251754025992237,0.3796866990977671,0.5101374290568483,0.39796020060906884,0.05683924066406392,0.434746263277458,0.5737831853650123,0.6346209663289957,0.558238837008879,0.06247886437801219
200,0.75,42,A3,strong,97.5,0.5894471844358777,158,770,0.37532467532467534,0.012658227848101266,98.73417721518987,62.46753246753247,3.6904167418043947,0.14155844155844155,0.21168831168831168,0.34251754025992237,0.3796866990977671,0.5101374290568483,0.39796020060906884,0.05683924066406392,0.434746263277458,0.5737831853650123,0.6346209663289957,0.558238837008879,0.06247886437801219
200,0.75,42,A3,strong,99.0,0.61517983233989,158,770,0.12857142857142856,0.006329113924050633,99.36708860759494,87.14285714285714,4.14314354820386,0.15584415584415584,0.21168831168831168,0.34251754025992237,0.3796866990977671,0.5101374290568483,0.39796020060906884,0.05683924066406392,0.434746263277458,0.5737831853650123,0.6346209663289957,0.558238837008879,0.06247886437801219
200,0.75,123,A3,strong,95.0,0.5414269362857094,158,770,0.6805194805194805,0.03164556962025317,96.83544303797468,31.948051948051948,2.724735603838597,0.07012987012987013,0.2922077922077922,0.34677845570767574,0.38631866041861773,0.531855249872773,0.40499870839434776,0.05692599151586514,0.44172327880716317,0.5761448177372923,0.6363783934995689,0.5597292405685445,0.06143827889196501
200,0.75,123,A3,strong,97.5,0.5778496986438261,158,770,0.4818181818181818,0.012658227848101266,98.73417721518987,51.81818181818182,3.3645621819661953,0.15194805194805194,0.2922077922077922,0.34677845570767574,0.38631866041861773,0.531855249872773,0.40499870839434776,0.05692599151586514,0.44172327880716317,0.5761448177372923,0.6363783934995689,0.5597292405685445,0.06143827889196501
200,0.75,123,A3,strong,99.0,0.6169893756903431,158,770,0.12987012987012986,0.006329113924050633,99.36708860759494,87.01298701298701,4.052115898718039,0.14155844155844155,0.2922077922077922,0.34677845570767574,0.38631866041861773,0.531855249872773,0.40499870839434776,0.05692599151586514,0.44172327880716317,0.5761448177372923,0.6363783934995689,0.5597292405685445,0.06143827889196501
200,0.75,2026,A3,strong,95.0,0.533349703386805,158,770,0.6623376623376623,0.02531645569620253,97.46835443037975,33.76623376623377,2.715327718198163,0.10779220779220779,0.261038961038961,0.3416086518236488,0.3826831845082964,0.5109782727959178,0.399311424061474,0.05548741607458264,0.4294047220675086,0.5580139202911688,0.6243022209677149,0.5457318171691458,0.05913576450340663
200,0.75,2026,A3,strong,97.5,0.591513007930827,158,770,0.18571428571428572,0.012658227848101266,98.73417721518987,81.42857142857143,3.7635528592975893,0.19480519480519481,0.261038961038961,0.3416086518236488,0.3826831845082964,0.5109782727959178,0.399311424061474,0.05548741607458264,0.4294047220675086,0.5580139202911688,0.6243022209677149,0.5457318171691458,0.05913576450340663
200,0.75,2026,A3,strong,99.0,0.6125711693428074,158,770,0.08961038961038961,0.0,100.0,91.03896103896105,4.143065240693678,0.06753246753246753,0.261038961038961,0.3416086518236488,0.3826831845082964,0.5109782727959178,0.399311424061474,0.05548741607458264,0.4294047220675086,0.5580139202911688,0.6243022209677149,0.5457318171691458,0.05913576450340663
200,1.0,42,A2,mild,95.0,0.5523151484751458,158,770,0.7818181818181819,0.02531645569620253,97.46835443037975,21.818181818181817,2.837517687283215,0.2753246753246753,0.08571428571428572,0.34259981124689065,0.3793420684110234,0.5238955821021651,0.3999852992177378,0.06095929580961863,0.5068945212111646,0.5671140570368118,0.6316636172410741,0.5701275911935059,0.040406420681438515
200,1.0,42,A2,mild,97.5,0.5906690302152824,158,770,0.2506493506493506,0.0189873417721519,98.10126582278481,74.93506493506493,3.4666896819847146,0.12727272727272726,0.08571428571428572,0.34259981124689065,0.3793420684110234,0.5238955821021651,0.3999852992177378,0.06095929580961863,0.5068945212111646,0.5671140570368118,0.6316636172410741,0.5701275911935059,0.040406420681438515
200,1.0,42,A2,mild,99.0,0.6236014200644857,158,770,0.08571428571428572,0.006329113924050633,99.36708860759494,91.42857142857143,4.006925414891705,0.08051948051948052,0.08571428571428572,0.34259981124689065,0.3793420684110234,0.5238955821021651,0.3999852992177378,0.06095929580961863,0.5068945212111646,0.5671140570368118,0.6316636172410741,0.5701275911935059,0.040406420681438515
200,1.0,123,A2,mild,95.0,0.5445981460021525,158,770,0.9038961038961039,0.02531645569620253,97.46835443037975,9.61038961038961,2.8338590113882085,0.04025974025974026,0.04415584415584416,0.340075160793978,0.37327446345619364,0.516051599214358,0.39650564422114065,0.0604559654723378,0.5229204920864378,0.6031668293787247,0.662051100267722,0.5995071866592898,0.044260915415680446
200,1.0,123,A2,mild,97.5,0.613211725489987,158,770,0.2961038961038961,0.006329113924050633,99.36708860759494,70.3896103896104,3.9687938180985456,0.261038961038961,0.04415584415584416,0.340075160793978,0.37327446345619364,0.516051599214358,0.39650564422114065,0.0604559654723378,0.5229204920864378,0.6031668293787247,0.662051100267722,0.5995071866592898,0.044260915415680446
200,1.0,123,A2,mild,99.0,0.6179334378124298,158,770,0.2597402597402597,0.006329113924050633,99.36708860759494,74.02597402597402,4.04689549566754,0.15454545454545454,0.04415584415584416,0.340075160793978,0.37327446345619364,0.516051599214358,0.39650564422114065,0.0604559654723378,0.5229204920864378,0.6031668293787247,0.662051100267722,0.5995071866592898,0.044260915415680446
200,1.0,2026,A2,mild,95.0,0.5550022326350791,158,770,0.8142857142857143,0.02531645569620253,97.46835443037975,18.571428571428573,2.908480234487465,0.13116883116883116,0.06623376623376623,0.343503554065111,0.3802883210363621,0.5087263788298071,0.39989740190225864,0.06007051707865747,0.49779456030401725,0.5750371653376938,0.6421163664489474,0.5767787691063732,0.04546734294839314
200,1.0,2026,A2,mild,97.5,0.5959664669390605,158,770,0.2545454545454545,0.012658227848101266,98.73417721518987,74.54545454545455,3.5904160042485627,0.15584415584415584,0.06623376623376623,0.343503554065111,0.3802883210363621,0.5087263788298071,0.39989740190225864,0.06007051707865747,0.49779456030401725,0.5750371653376938,0.6421163664489474,0.5767787691063732,0.04546734294839314
200,1.0,2026,A2,mild,99.0,0.6307195915603998,158,770,0.10649350649350649,0.0,100.0,89.35064935064935,4.168954800174572,0.08051948051948052,0.06623376623376623,0.343503554065111,0.3802883210363621,0.5087263788298071,0.39989740190225864,0.06007051707865747,0.49779456030401725,0.5750371653376938,0.6421163664489474,0.5767787691063732,0.04546734294839314
200,1.0,42,A2,moderate,95.0,0.5523151484751458,158,770,0.9337662337662338,0.02531645569620253,97.46835443037975,6.623376623376623,2.837517687283215,0.2636363636363636,0.011688311688311689,0.34259981124689065,0.3793420684110234,0.5238955821021651,0.3999852992177378,0.06095929580961863,0.5515852992857521,0.5725847605974543,0.6340563859227266,0.5817728966129604,0.030122067799041044
200,1.0,42,A2,moderate,97.5,0.5906690302152824,158,770,0.3090909090909091,0.0189873417721519,98.10126582278481,69.0909090909091,3.4666896819847146,0.15714285714285714,0.011688311688311689,0.34259981124689065,0.3793420684110234,0.5238955821021651,0.3999852992177378,0.06095929580961863,0.5515852992857521,0.5725847605974543,0.6340563859227266,0.5817728966129604,0.030122067799041044
200,1.0,42,A2,moderate,99.0,0.6236014200644857,158,770,0.1038961038961039,0.006329113924050633,99.36708860759494,89.6103896103896,4.006925414891705,0.09740259740259741,0.011688311688311689,0.34259981124689065,0.3793420684110234,0.5238955821021651,0.3999852992177378,0.06095929580961863,0.5515852992857521,0.5725847605974543,0.6340563859227266,0.5817728966129604,0.030122067799041044
200,1.0,123,A2,moderate,95.0,0.5445981460021525,158,770,0.987012987012987,0.02531645569620253,97.46835443037975,1.2987012987012987,2.8338590113882085,0.005194805194805195,0.005194805194805195,0.340075160793978,0.37327446345619364,0.516051599214358,0.39650564422114065,0.0604559654723378,0.5930347008827912,0.6086538888698474,0.664893760725928,0.6166808104232903,0.026379536318228543
200,1.0,123,A2,moderate,97.5,0.613211725489987,158,770,0.4051948051948052,0.006329113924050633,99.36708860759494,59.480519480519476,3.9687938180985456,0.36233766233766235,0.005194805194805195,0.340075160793978,0.37327446345619364,0.516051599214358,0.39650564422114065,0.0604559654723378,0.5930347008827912,0.6086538888698474,0.664893760725928,0.6166808104232903,0.026379536318228543
200,1.0,123,A2,moderate,99.0,0.6179334378124298,158,770,0.36363636363636365,0.006329113924050633,99.36708860759494,63.63636363636363,4.04689549566754,0.23116883116883116,0.005194805194805195,0.340075160793978,0.37327446345619364,0.516051599214358,0.39650564422114065,0.0604559654723378,0.5930347008827912,0.6086538888698474,0.664893760725928,0.6166808104232903,0.026379536318228543
200,1.0,2026,A2,moderate,95.0,0.5550022326350791,158,770,0.9753246753246754,0.02531645569620253,97.46835443037975,2.4675324675324677,2.908480234487465,0.07272727272727272,0.01038961038961039,0.343503554065111,0.3802883210363621,0.5087263788298071,0.39989740190225864,0.06007051707865747,0.5621646534341233,0.5806597660228011,0.6421163664489474,0.5911227661011459,0.03126512007185057
200,1.0,2026,A2,moderate,97.5,0.5959664669390605,158,770,0.312987012987013,0.012658227848101266,98.73417721518987,68.7012987012987,3.5904160042485627,0.18701298701298702,0.01038961038961039,0.343503554065111,0.3802883210363621,0.5087263788298071,0.39989740190225864,0.06007051707865747,0.5621646534341233,0.5806597660228011,0.6421163664489474,0.5911227661011459,0.03126512007185057
200,1.0,2026,A2,moderate,99.0,0.6307195915603998,158,770,0.13506493506493505,0.0,100.0,86.49350649350649,4.168954800174572,0.09480519480519481,0.01038961038961039,0.343503554065111,0.3802883210363621,0.5087263788298071,0.39989740190225864,0.06007051707865747,0.5621646534341233,0.5806597660228011,0.6421163664489474,0.5911227661011459,0.03126512007185057
200,1.0,42,A2,strong,95.0,0.5523151484751458,158,770,0.9597402597402598,0.02531645569620253,97.46835443037975,4.025974025974026,2.837517687283215,0.2636363636363636,0.0,0.34259981124689065,0.3793420684110234,0.5238955821021651,0.3999852992177378,0.06095929580961863,0.5534399845845864,0.573948480205866,0.6340563859227266,0.5832819133503852,0.028748389234601223
200,1.0,42,A2,strong,97.5,0.5906690302152824,158,770,0.3194805194805195,0.0189873417721519,98.10126582278481,68.05194805194805,3.4666896819847146,0.15454545454545454,0.0,0.34259981124689065,0.3793420684110234,0.5238955821021651,0.3999852992177378,0.06095929580961863,0.5534399845845864,0.573948480205866,0.6340563859227266,0.5832819133503852,0.028748389234601223
200,1.0,42,A2,strong,99.0,0.6236014200644857,158,770,0.10779220779220779,0.006329113924050633,99.36708860759494,89.22077922077922,4.006925414891705,0.1,0.0,0.34259981124689065,0.3793420684110234,0.5238955821021651,0.3999852992177378,0.06095929580961863,0.5534399845845864,0.573948480205866,0.6340563859227266,0.5832819133503852,0.028748389234601223
200,1.0,123,A2,strong,95.0,0.5445981460021525,158,770,1.0,0.02531645569620253,97.46835443037975,0.0,2.8338590113882085,0.0012987012987012987,0.0,0.340075160793978,0.37327446345619364,0.516051599214358,0.39650564422114065,0.0604559654723378,0.5958561802736219,0.6090240014516854,0.664893760725928,0.6191105641580217,0.02339366751078938
200,1.0,123,A2,strong,97.5,0.613211725489987,158,770,0.4155844155844156,0.006329113924050633,99.36708860759494,58.44155844155844,3.9687938180985456,0.3922077922077922,0.0,0.340075160793978,0.37327446345619364,0.516051599214358,0.39650564422114065,0.0604559654723378,0.5958561802736219,0.6090240014516854,0.664893760725928,0.6191105641580217,0.02339366751078938
200,1.0,123,A2,strong,99.0,0.6179334378124298,158,770,0.37272727272727274,0.006329113924050633,99.36708860759494,62.727272727272734,4.04689549566754,0.23896103896103896,0.0,0.340075160793978,0.37327446345619364,0.516051599214358,0.39650564422114065,0.0604559654723378,0.5958561802736219,0.6090240014516854,0.664893760725928,0.6191105641580217,0.02339366751078938
200,1.0,2026,A2,strong,95.0,0.5550022326350791,158,770,0.9922077922077922,0.02531645569620253,97.46835443037975,0.7792207792207793,2.908480234487465,0.05974025974025974,0.0,0.343503554065111,0.3802883210363621,0.5087263788298071,0.39989740190225864,0.06007051707865747,0.5638423385543705,0.5811163092892985,0.6421163664489474,0.5928366912060783,0.029286741542562108
200,1.0,2026,A2,strong,97.5,0.5959664669390605,158,770,0.3207792207792208,0.012658227848101266,98.73417721518987,67.92207792207792,3.5904160042485627,0.18571428571428572,0.0,0.343503554065111,0.3802883210363621,0.5087263788298071,0.39989740190225864,0.06007051707865747,0.5638423385543705,0.5811163092892985,0.6421163664489474,0.5928366912060783,0.029286741542562108
200,1.0,2026,A2,strong,99.0,0.6307195915603998,158,770,0.14025974025974025,0.0,100.0,85.97402597402596,4.168954800174572,0.09740259740259741,0.0,0.343503554065111,0.3802883210363621,0.5087263788298071,0.39989740190225864,0.06007051707865747,0.5638423385543705,0.5811163092892985,0.6421163664489474,0.5928366912060783,0.029286741542562108
200,1.0,42,A3,mild,95.0,0.5523151484751458,158,770,0.08181818181818182,0.02531645569620253,97.46835443037975,91.81818181818183,2.837517687283215,0.04025974025974026,0.8519480519480519,0.34259981124689065,0.3793420684110234,0.5238955821021651,0.3999852992177378,0.06095929580961863,0.3519254123996454,0.42937028768964264,0.5759291511369227,0.4422408674031398,0.0691516750214329
200,1.0,42,A3,mild,97.5,0.5906690302152824,158,770,0.02987012987012987,0.0189873417721519,98.10126582278481,97.01298701298701,3.4666896819847146,0.015584415584415584,0.8519480519480519,0.34259981124689065,0.3793420684110234,0.5238955821021651,0.3999852992177378,0.06095929580961863,0.3519254123996454,0.42937028768964264,0.5759291511369227,0.4422408674031398,0.0691516750214329
200,1.0,42,A3,mild,99.0,0.6236014200644857,158,770,0.003896103896103896,0.006329113924050633,99.36708860759494,99.61038961038962,4.006925414891705,0.006493506493506494,0.8519480519480519,0.34259981124689065,0.3793420684110234,0.5238955821021651,0.3999852992177378,0.06095929580961863,0.3519254123996454,0.42937028768964264,0.5759291511369227,0.4422408674031398,0.0691516750214329
200,1.0,123,A3,mild,95.0,0.5445981460021525,158,770,0.09350649350649351,0.02531645569620253,97.46835443037975,90.64935064935065,2.8338590113882085,0.03636363636363636,0.8584415584415584,0.340075160793978,0.37327446345619364,0.516051599214358,0.39650564422114065,0.0604559654723378,0.3493305308352148,0.42282624773555655,0.5653873368493784,0.43672020426815605,0.06893852366999798
200,1.0,123,A3,mild,97.5,0.613211725489987,158,770,0.012987012987012988,0.006329113924050633,99.36708860759494,98.7012987012987,3.9687938180985456,0.011688311688311689,0.8584415584415584,0.340075160793978,0.37327446345619364,0.516051599214358,0.39650564422114065,0.0604559654723378,0.3493305308352148,0.42282624773555655,0.5653873368493784,0.43672020426815605,0.06893852366999798
200,1.0,123,A3,mild,99.0,0.6179334378124298,158,770,0.011688311688311689,0.006329113924050633,99.36708860759494,98.83116883116884,4.04689549566754,0.011688311688311689,0.8584415584415584,0.340075160793978,0.37327446345619364,0.516051599214358,0.39650564422114065,0.0604559654723378,0.3493305308352148,0.42282624773555655,0.5653873368493784,0.43672020426815605,0.06893852366999798
200,1.0,2026,A3,mild,95.0,0.5550022326350791,158,770,0.06363636363636363,0.02531645569620253,97.46835443037975,93.63636363636364,2.908480234487465,0.03506493506493506,0.8155844155844156,0.343503554065111,0.3802883210363621,0.5087263788298071,0.39989740190225864,0.06007051707865747,0.3520315021355024,0.4300770402776991,0.5613735396495789,0.4412789278669222,0.06752932627452776
200,1.0,2026,A3,mild,97.5,0.5959664669390605,158,770,0.023376623376623377,0.012658227848101266,98.73417721518987,97.66233766233766,3.5904160042485627,0.01948051948051948,0.8155844155844156,0.343503554065111,0.3802883210363621,0.5087263788298071,0.39989740190225864,0.06007051707865747,0.3520315021355024,0.4300770402776991,0.5613735396495789,0.4412789278669222,0.06752932627452776
200,1.0,2026,A3,mild,99.0,0.6307195915603998,158,770,0.003896103896103896,0.0,100.0,99.61038961038962,4.168954800174572,0.005194805194805195,0.8155844155844156,0.343503554065111,0.3802883210363621,0.5087263788298071,0.39989740190225864,0.06007051707865747,0.3520315021355024,0.4300770402776991,0.5613735396495789,0.4412789278669222,0.06752932627452776
200,1.0,42,A3,moderate,95.0,0.5523151484751458,158,770,0.2675324675324675,0.02531645569620253,97.46835443037975,73.24675324675324,2.837517687283215,0.07922077922077922,0.5831168831168831,0.34259981124689065,0.3793420684110234,0.5238955821021651,0.3999852992177378,0.06095929580961863,0.3794751933649896,0.5093190345351284,0.6068424841029306,0.5017162317350532,0.07188950920159148
200,1.0,42,A3,moderate,97.5,0.5906690302152824,158,770,0.11948051948051948,0.0189873417721519,98.10126582278481,88.05194805194805,3.4666896819847146,0.06103896103896104,0.5831168831168831,0.34259981124689065,0.3793420684110234,0.5238955821021651,0.3999852992177378,0.06095929580961863,0.3794751933649896,0.5093190345351284,0.6068424841029306,0.5017162317350532,0.07188950920159148
200,1.0,42,A3,moderate,99.0,0.6236014200644857,158,770,0.01818181818181818,0.006329113924050633,99.36708860759494,98.18181818181819,4.006925414891705,0.01948051948051948,0.5831168831168831,0.34259981124689065,0.3793420684110234,0.5238955821021651,0.3999852992177378,0.06095929580961863,0.3794751933649896,0.5093190345351284,0.6068424841029306,0.5017162317350532,0.07188950920159148
200,1.0,123,A3,moderate,95.0,0.5445981460021525,158,770,0.287012987012987,0.02531645569620253,97.46835443037975,71.29870129870129,2.8338590113882085,0.07402597402597402,0.577922077922078,0.340075160793978,0.37327446345619364,0.516051599214358,0.39650564422114065,0.0604559654723378,0.3714653327048948,0.5011853146340121,0.5966620497917181,0.4956122428218526,0.07191216791560477
200,1.0,123,A3,moderate,97.5,0.613211725489987,158,770,0.02857142857142857,0.006329113924050633,99.36708860759494,97.14285714285714,3.9687938180985456,0.024675324675324677,0.577922077922078,0.340075160793978,0.37327446345619364,0.516051599214358,0.39650564422114065,0.0604559654723378,0.3714653327048948,0.5011853146340121,0.5966620497917181,0.4956122428218526,0.07191216791560477
200,1.0,123,A3,moderate,99.0,0.6179334378124298,158,770,0.024675324675324677,0.006329113924050633,99.36708860759494,97.53246753246754,4.04689549566754,0.015584415584415584,0.577922077922078,0.340075160793978,0.37327446345619364,0.516051599214358,0.39650564422114065,0.0604559654723378,0.3714653327048948,0.5011853146340121,0.5966620497917181,0.4956122428218526,0.07191216791560477
200,1.0,2026,A3,moderate,95.0,0.5550022326350791,158,770,0.23116883116883116,0.02531645569620253,97.46835443037975,76.88311688311688,2.908480234487465,0.10909090909090909,0.5116883116883116,0.343503554065111,0.3802883210363621,0.5087263788298071,0.39989740190225864,0.06007051707865747,0.378560678747222,0.507080840099073,0.5923470019641993,0.4984509110625383,0.06790889547557762
200,1.0,2026,A3,moderate,97.5,0.5959664669390605,158,770,0.048051948051948054,0.012658227848101266,98.73417721518987,95.1948051948052,3.5904160042485627,0.06233766233766234,0.5116883116883116,0.343503554065111,0.3802883210363621,0.5087263788298071,0.39989740190225864,0.06007051707865747,0.378560678747222,0.507080840099073,0.5923470019641993,0.4984509110625383,0.06790889547557762
200,1.0,2026,A3,moderate,99.0,0.6307195915603998,158,770,0.00909090909090909,0.0,100.0,99.0909090909091,4.168954800174572,0.003896103896103896,0.5116883116883116,0.343503554065111,0.3802883210363621,0.5087263788298071,0.39989740190225864,0.06007051707865747,0.378560678747222,0.507080840099073,0.5923470019641993,0.4984509110625383,0.06790889547557762
200,1.0,42,A3,strong,95.0,0.5523151484751458,158,770,0.574025974025974,0.02531645569620253,97.46835443037975,42.59740259740259,2.837517687283215,0.12857142857142856,0.287012987012987,0.34259981124689065,0.3793420684110234,0.5238955821021651,0.3999852992177378,0.06095929580961863,0.4262899104423103,0.5623197966711964,0.6353711586057498,0.5502640558933967,0.06282937665260958
200,1.0,42,A3,strong,97.5,0.5906690302152824,158,770,0.3181818181818182,0.0189873417721519,98.10126582278481,68.18181818181817,3.4666896819847146,0.17402597402597403,0.287012987012987,0.34259981124689065,0.3793420684110234,0.5238955821021651,0.3999852992177378,0.06095929580961863,0.4262899104423103,0.5623197966711964,0.6353711586057498,0.5502640558933967,0.06282937665260958
200,1.0,42,A3,strong,99.0,0.6236014200644857,158,770,0.07272727272727272,0.006329113924050633,99.36708860759494,92.72727272727272,4.006925414891705,0.045454545454545456,0.287012987012987,0.34259981124689065,0.3793420684110234,0.5238955821021651,0.3999852992177378,0.06095929580961863,0.4262899104423103,0.5623197966711964,0.6353711586057498,0.5502640558933967,0.06282937665260958
200,1.0,123,A3,strong,95.0,0.5445981460021525,158,770,0.5987012987012987,0.02531645569620253,97.46835443037975,40.129870129870135,2.8338590113882085,0.12727272727272726,0.2805194805194805,0.340075160793978,0.37327446345619364,0.516051599214358,0.39650564422114065,0.0604559654723378,0.42521187361576035,0.5585394017503613,0.6260784142255873,0.5437623510821576,0.062277710501756435
200,1.0,123,A3,strong,97.5,0.613211725489987,158,770,0.09350649350649351,0.006329113924050633,99.36708860759494,90.64935064935065,3.9687938180985456,0.07142857142857142,0.2805194805194805,0.340075160793978,0.37327446345619364,0.516051599214358,0.39650564422114065,0.0604559654723378,0.42521187361576035,0.5585394017503613,0.6260784142255873,0.5437623510821576,0.062277710501756435
200,1.0,123,A3,strong,99.0,0.6179334378124298,158,770,0.07532467532467532,0.006329113924050633,99.36708860759494,92.46753246753246,4.04689549566754,0.05974025974025974,0.2805194805194805,0.340075160793978,0.37327446345619364,0.516051599214358,0.39650564422114065,0.0604559654723378,0.42521187361576035,0.5585394017503613,0.6260784142255873,0.5437623510821576,0.062277710501756435
200,1.0,2026,A3,strong,95.0,0.5550022326350791,158,770,0.512987012987013,0.02531645569620253,97.46835443037975,48.701298701298704,2.908480234487465,0.15974025974025974,0.24415584415584415,0.343503554065111,0.3802883210363621,0.5087263788298071,0.39989740190225864,0.06007051707865747,0.4329491656804329,0.5575230790415056,0.6189113408809135,0.5435754182960615,0.05709997743771574
200,1.0,2026,A3,strong,97.5,0.5959664669390605,158,770,0.11688311688311688,0.012658227848101266,98.73417721518987,88.31168831168831,3.5904160042485627,0.14675324675324675,0.24415584415584415,0.343503554065111,0.3802883210363621,0.5087263788298071,0.39989740190225864,0.06007051707865747,0.4329491656804329,0.5575230790415056,0.6189113408809135,0.5435754182960615,0.05709997743771574
200,1.0,2026,A3,strong,99.0,0.6307195915603998,158,770,0.024675324675324677,0.0,100.0,97.53246753246754,4.168954800174572,0.032467532467532464,0.24415584415584415,0.343503554065111,0.3802883210363621,0.5087263788298071,0.39989740190225864,0.06007051707865747,0.4329491656804329,0.5575230790415056,0.6189113408809135,0.5435754182960615,0.05709997743771574
