n_estimators,max_features,anomaly_family,severity,seed_a,seed_b,region,spearman
100,0.75,A2,mild,42,123,clean,0.9433308131477625
100,0.75,A2,mild,42,123,synthetic,0.9508170985244464
100,0.75,A2,mild,42,123,pooled,0.9707182255858823
100,0.75,A2,mild,42,2026,clean,0.9528689802680117
100,0.75,A2,mild,42,2026,synthetic,0.9406022257305411
100,0.75,A2,mild,42,2026,pooled,0.9647941043662643
100,0.75,A2,mild,123,2026,clean,0.9739746470345731
100,0.75,A2,mild,123,2026,synthetic,0.9515250287247836
100,0.75,A2,mild,123,2026,pooled,0.9715447810944273
100,0.75,A2,moderate,42,123,clean,0.9433308131477625
100,0.75,A2,moderate,42,123,synthetic,0.9426186786505398
100,0.75,A2,moderate,42,123,pooled,0.9661811550649637
100,0.75,A2,moderate,42,2026,clean,0.9528689802680117
100,0.75,A2,moderate,42,2026,synthetic,0.9261051289751655
100,0.75,A2,moderate,42,2026,pooled,0.9562662778720049
100,0.75,A2,moderate,123,2026,clean,0.9739746470345731
100,0.75,A2,moderate,123,2026,synthetic,0.9515566534538232
100,0.75,A2,moderate,123,2026,pooled,0.9717008305916948
100,0.75,A2,strong,42,123,clean,0.9433308131477625
100,0.75,A2,strong,42,123,synthetic,0.9491692587914831
100,0.75,A2,strong,42,123,pooled,0.9699797604397736
100,0.75,A2,strong,42,2026,clean,0.9528689802680117
100,0.75,A2,strong,42,2026,synthetic,0.9284626960019576
100,0.75,A2,strong,42,2026,pooled,0.9575646929600186
100,0.75,A2,strong,123,2026,clean,0.9739746470345731
100,0.75,A2,strong,123,2026,synthetic,0.9508940811212117
100,0.75,A2,strong,123,2026,pooled,0.9713012445458542
100,0.75,A3,mild,42,123,clean,0.9433308131477625
100,0.75,A3,mild,42,123,synthetic,0.9744351676868986
100,0.75,A3,mild,42,123,pooled,0.9729196236361447
100,0.75,A3,mild,42,2026,clean,0.9528689802680117
100,0.75,A3,mild,42,2026,synthetic,0.9686629845279423
100,0.75,A3,mild,42,2026,pooled,0.9689280084730326
100,0.75,A3,mild,123,2026,clean,0.9739746470345731
100,0.75,A3,mild,123,2026,synthetic,0.9769444681631243
100,0.75,A3,mild,123,2026,pooled,0.9777321070751575
100,0.75,A3,moderate,42,123,clean,0.9433308131477625
100,0.75,A3,moderate,42,123,synthetic,0.9749102189602367
100,0.75,A3,moderate,42,123,pooled,0.9818989787669339
100,0.75,A3,moderate,42,2026,clean,0.9528689802680117
100,0.75,A3,moderate,42,2026,synthetic,0.9813441474121708
100,0.75,A3,moderate,42,2026,pooled,0.9843458920911462
100,0.75,A3,moderate,123,2026,clean,0.9739746470345731
100,0.75,A3,moderate,123,2026,synthetic,0.9740389900406152
100,0.75,A3,moderate,123,2026,pooled,0.9810449336185374
100,0.75,A3,strong,42,123,clean,0.9433308131477625
100,0.75,A3,strong,42,123,synthetic,0.9529318531780999
100,0.75,A3,strong,42,123,pooled,0.9712231866178821
100,0.75,A3,strong,42,2026,clean,0.9528689802680117
100,0.75,A3,strong,42,2026,synthetic,0.9728549302506541
100,0.75,A3,strong,42,2026,pooled,0.9824285981555754
100,0.75,A3,strong,123,2026,clean,0.9739746470345731
100,0.75,A3,strong,123,2026,synthetic,0.9518864972400218
100,0.75,A3,strong,123,2026,pooled,0.9702132352068523
100,1.0,A2,mild,42,123,clean,0.9834854318568695
100,1.0,A2,mild,42,123,synthetic,0.9078117789353105
100,1.0,A2,mild,42,123,pooled,0.9430012748510144
100,1.0,A2,mild,42,2026,clean,0.9716319393208277
100,1.0,A2,mild,42,2026,synthetic,0.9336449927269331
100,1.0,A2,mild,42,2026,pooled,0.959985892879756
100,1.0,A2,mild,123,2026,clean,0.966508407126091
100,1.0,A2,mild,123,2026,synthetic,0.9491753998526095
100,1.0,A2,mild,123,2026,pooled,0.9688628511026245
100,1.0,A2,moderate,42,123,clean,0.9834854318568695
100,1.0,A2,moderate,42,123,synthetic,0.9023650674760256
100,1.0,A2,moderate,42,123,pooled,0.9380581858799705
100,1.0,A2,moderate,42,2026,clean,0.9716319393208277
100,1.0,A2,moderate,42,2026,synthetic,0.9246781370739638
100,1.0,A2,moderate,42,2026,pooled,0.9540447084912628
100,1.0,A2,moderate,123,2026,clean,0.966508407126091
100,1.0,A2,moderate,123,2026,synthetic,0.9217021506795706
100,1.0,A2,moderate,123,2026,pooled,0.9526163439866638
100,1.0,A2,strong,42,123,clean,0.9834854318568695
100,1.0,A2,strong,42,123,synthetic,0.8983630852692226
100,1.0,A2,strong,42,123,pooled,0.9354465377575267
100,1.0,A2,strong,42,2026,clean,0.9716319393208277
100,1.0,A2,strong,42,2026,synthetic,0.9228812165164735
100,1.0,A2,strong,42,2026,pooled,0.9528866447382277
100,1.0,A2,strong,123,2026,clean,0.966508407126091
100,1.0,A2,strong,123,2026,synthetic,0.9113154350717149
100,1.0,A2,strong,123,2026,pooled,0.946529443938466
100,1.0,A3,mild,42,123,clean,0.9834854318568695
100,1.0,A3,mild,42,123,synthetic,0.9816108402016375
100,1.0,A3,mild,42,123,pooled,0.9831843811377378
100,1.0,A3,mild,42,2026,clean,0.9716319393208277
100,1.0,A3,mild,42,2026,synthetic,0.9797740290032905
100,1.0,A3,mild,42,2026,pooled,0.9811107080091965
100,1.0,A3,mild,123,2026,clean,0.966508407126091
100,1.0,A3,mild,123,2026,synthetic,0.978860222377138
100,1.0,A3,mild,123,2026,pooled,0.9783718599138506
100,1.0,A3,moderate,42,123,clean,0.9834854318568695
100,1.0,A3,moderate,42,123,synthetic,0.9839998793511501
100,1.0,A3,moderate,42,123,pooled,0.9876721653615875
100,1.0,A3,moderate,42,2026,clean,0.9716319393208277
100,1.0,A3,moderate,42,2026,synthetic,0.9728545945961921
100,1.0,A3,moderate,42,2026,pooled,0.9799628607229368
100,1.0,A3,moderate,123,2026,clean,0.966508407126091
100,1.0,A3,moderate,123,2026,synthetic,0.9730067142263181
100,1.0,A3,moderate,123,2026,pooled,0.9791316548723729
100,1.0,A3,strong,42,123,clean,0.9834854318568695
100,1.0,A3,strong,42,123,synthetic,0.9733606077726731
100,1.0,A3,strong,42,123,pooled,0.9832149305699244
100,1.0,A3,strong,42,2026,clean,0.9716319393208277
100,1.0,A3,strong,42,2026,synthetic,0.9436561025398406
100,1.0,A3,strong,42,2026,pooled,0.9656886447099212
100,1.0,A3,strong,123,2026,clean,0.966508407126091
100,1.0,A3,strong,123,2026,synthetic,0.9478125504635512
100,1.0,A3,strong,123,2026,pooled,0.9676356963079122
200,0.75,A2,mild,42,123,clean,0.9772361829685149
200,0.75,A2,mild,42,123,synthetic,0.9500651564158784
200,0.75,A2,mild,42,123,pooled,0.9705091782124912
200,0.75,A2,mild,42,2026,clean,0.9854326174890737
200,0.75,A2,mild,42,2026,synthetic,0.9796854090008187
200,0.75,A2,mild,42,2026,pooled,0.9875201892992606
200,0.75,A2,mild,123,2026,clean,0.984796739681057
200,0.75,A2,mild,123,2026,synthetic,0.955540621754706
200,0.75,A2,mild,123,2026,pooled,0.974146964020985
200,0.75,A2,moderate,42,123,clean,0.9772361829685149
200,0.75,A2,moderate,42,123,synthetic,0.9477991660363984
200,0.75,A2,moderate,42,123,pooled,0.9691676104098865
200,0.75,A2,moderate,42,2026,clean,0.9854326174890737
200,0.75,A2,moderate,42,2026,synthetic,0.9750885560492368
200,0.75,A2,moderate,42,2026,pooled,0.9848123571748484
200,0.75,A2,moderate,123,2026,clean,0.984796739681057
200,0.75,A2,moderate,123,2026,synthetic,0.960718260995079
200,0.75,A2,moderate,123,2026,pooled,0.9773339191761236
200,0.75,A2,strong,42,123,clean,0.9772361829685149
200,0.75,A2,strong,42,123,synthetic,0.9524211482189384
200,0.75,A2,strong,42,123,pooled,0.9718220464644601
200,0.75,A2,strong,42,2026,clean,0.9854326174890737
200,0.75,A2,strong,42,2026,synthetic,0.973132648675667
200,0.75,A2,strong,42,2026,pooled,0.9836808733213592
200,0.75,A2,strong,123,2026,clean,0.984796739681057
200,0.75,A2,strong,123,2026,synthetic,0.9654526437018545
200,0.75,A2,strong,123,2026,pooled,0.9800761362095288
200,0.75,A3,mild,42,123,clean,0.9772361829685149
200,0.75,A3,mild,42,123,synthetic,0.9849124920041487
200,0.75,A3,mild,42,123,pooled,0.9853928459538107
200,0.75,A3,mild,42,2026,clean,0.9854326174890737
200,0.75,A3,mild,42,2026,synthetic,0.9868141276039285
200,0.75,A3,mild,42,2026,pooled,0.9879560778539683
200,0.75,A3,mild,123,2026,clean,0.984796739681057
200,0.75,A3,mild,123,2026,synthetic,0.987123996084097
200,0.75,A3,mild,123,2026,pooled,0.9879833795343281
200,0.75,A3,moderate,42,123,clean,0.9772361829685149
200,0.75,A3,moderate,42,123,synthetic,0.9831997051332461
200,0.75,A3,moderate,42,123,pooled,0.9876963460610336
200,0.75,A3,moderate,42,2026,clean,0.9854326174890737
200,0.75,A3,moderate,42,2026,synthetic,0.9901612925536403
200,0.75,A3,moderate,42,2026,pooled,0.992542651450913
200,0.75,A3,moderate,123,2026,clean,0.984796739681057
200,0.75,A3,moderate,123,2026,synthetic,0.9792614203753168
200,0.75,A3,moderate,123,2026,pooled,0.9854041969117898
200,0.75,A3,strong,42,123,clean,0.9772361829685149
200,0.75,A3,strong,42,123,synthetic,0.9722177316490093
200,0.75,A3,strong,42,123,pooled,0.9829947564230428
200,0.75,A3,strong,42,2026,clean,0.9854326174890737
200,0.75,A3,strong,42,2026,synthetic,0.9855101421316775
200,0.75,A3,strong,42,2026,pooled,0.9908137626243328
200,0.75,A3,strong,123,2026,clean,0.984796739681057
200,0.75,A3,strong,123,2026,synthetic,0.9649508765091879
200,0.75,A3,strong,123,2026,pooled,0.9787369090702976
200,1.0,A2,mild,42,123,clean,0.9800778570005125
200,1.0,A2,mild,42,123,synthetic,0.9208846968357526
200,1.0,A2,mild,42,123,pooled,0.9526440158519929
200,1.0,A2,mild,42,2026,clean,0.9826061558448277
200,1.0,A2,mild,42,2026,synthetic,0.9545274212154805
200,1.0,A2,mild,42,2026,pooled,0.9733713956028561
200,1.0,A2,mild,123,2026,clean,0.9788791208456868
200,1.0,A2,mild,123,2026,synthetic,0.9366546466512444
200,1.0,A2,mild,123,2026,pooled,0.9623397254008514
200,1.0,A2,moderate,42,123,clean,0.9800778570005125
200,1.0,A2,moderate,42,123,synthetic,0.9329370954535445
200,1.0,A2,moderate,42,123,pooled,0.9585183568494384
200,1.0,A2,moderate,42,2026,clean,0.9826061558448277
200,1.0,A2,moderate,42,2026,synthetic,0.9620407344967647
200,1.0,A2,moderate,42,2026,pooled,0.9779416952301084
200,1.0,A2,moderate,123,2026,clean,0.9788791208456868
200,1.0,A2,moderate,123,2026,synthetic,0.9299547667529293
200,1.0,A2,moderate,123,2026,pooled,0.957918430042101
200,1.0,A2,strong,42,123,clean,0.9800778570005125
200,1.0,A2,strong,42,123,synthetic,0.9389198163978687
200,1.0,A2,strong,42,123,pooled,0.9617461615310626
200,1.0,A2,strong,42,2026,clean,0.9826061558448277
200,1.0,A2,strong,42,2026,synthetic,0.9605812864586061
200,1.0,A2,strong,42,2026,pooled,0.977121447242993
200,1.0,A2,strong,123,2026,clean,0.9788791208456868
200,1.0,A2,strong,123,2026,synthetic,0.9368073150454401
200,1.0,A2,strong,123,2026,pooled,0.9616769117302145
200,1.0,A3,mild,42,123,clean,0.9800778570005125
200,1.0,A3,mild,42,123,synthetic,0.9914760770903159
200,1.0,A3,mild,42,123,pooled,0.9909861217289004
200,1.0,A3,mild,42,2026,clean,0.9826061558448277
200,1.0,A3,mild,42,2026,synthetic,0.9909448546836288
200,1.0,A3,mild,42,2026,pooled,0.9912816854868005
200,1.0,A3,mild,123,2026,clean,0.9788791208456868
200,1.0,A3,mild,123,2026,synthetic,0.9875128721522995
200,1.0,A3,mild,123,2026,pooled,0.9877081395513223
200,1.0,A3,moderate,42,123,clean,0.9800778570005125
200,1.0,A3,moderate,42,123,synthetic,0.9933638744395608
200,1.0,A3,moderate,42,123,pooled,0.9946895594021028
200,1.0,A3,moderate,42,2026,clean,0.9826061558448277
200,1.0,A3,moderate,42,2026,synthetic,0.992967809849096
200,1.0,A3,moderate,42,2026,pooled,0.9945733023303965
200,1.0,A3,moderate,123,2026,clean,0.9788791208456868
200,1.0,A3,moderate,123,2026,synthetic,0.9911399077165279
200,1.0,A3,moderate,123,2026,pooled,0.9929511125606689
200,1.0,A3,strong,42,123,clean,0.9800778570005125
200,1.0,A3,strong,42,123,synthetic,0.9884678276798774
200,1.0,A3,strong,42,123,pooled,0.992836049639346
200,1.0,A3,strong,42,2026,clean,0.9826061558448277
200,1.0,A3,strong,42,2026,synthetic,0.9850910054979162
200,1.0,A3,strong,42,2026,pooled,0.9907924972805023
200,1.0,A3,strong,123,2026,clean,0.9788791208456868
200,1.0,A3,strong,123,2026,synthetic,0.9811661021828403
200,1.0,A3,strong,123,2026,pooled,0.9884022635486078
