feature_set,n_estimators,max_features,calibration_fraction,percentile,clean_fpr_mean,clean_fpr_std,clean_fpr_max,eligible
degradation_aware,100,0.75,0.2,95.0,0.7703703703703703,0.007407407407407418,0.7777777777777778,False
degradation_aware,100,0.75,0.2,97.5,0.7604938271604937,0.015419748144193599,0.7777777777777778,False
degradation_aware,100,0.75,0.2,99.0,0.7580246913580245,0.018641566506841383,0.7777777777777778,False
degradation_aware,100,0.75,0.3,95.0,0.884180790960452,0.0048927988914374936,0.8898305084745762,False
degradation_aware,100,0.75,0.3,97.5,0.8785310734463277,0.012945129081796123,0.8898305084745762,False
degradation_aware,100,0.75,0.3,99.0,0.8700564971751413,0.017641237283611246,0.8898305084745762,False
degradation_aware,100,0.75,0.4,95.0,0.9966996699669967,0.005716339298907191,1.0,False
degradation_aware,100,0.75,0.4,97.5,0.9933993399339934,0.005716339298907191,1.0,False
degradation_aware,100,0.75,0.4,99.0,0.9867986798679867,0.015124012194573743,1.0,False
degradation_aware,100,1.0,0.2,95.0,0.7679012345679013,0.023811483360476466,0.7851851851851852,False
degradation_aware,100,1.0,0.2,97.5,0.7456790123456791,0.03728313301368272,0.7851851851851852,False
degradation_aware,100,1.0,0.2,99.0,0.7456790123456791,0.03728313301368272,0.7851851851851852,False
degradation_aware,100,1.0,0.3,95.0,0.8983050847457626,0.008474576271186474,0.9067796610169492,False
degradation_aware,100,1.0,0.3,97.5,0.8644067796610169,0.0369398215554294,0.8898305084745762,False
degradation_aware,100,1.0,0.3,99.0,0.8502824858757062,0.03821398095612618,0.8898305084745762,False
degradation_aware,100,1.0,0.4,95.0,0.9966996699669967,0.005716339298907191,1.0,False
degradation_aware,100,1.0,0.4,97.5,0.9867986798679867,0.005716339298907191,0.9900990099009901,False
degradation_aware,100,1.0,0.4,99.0,0.9768976897689768,0.022865357195628763,0.9900990099009901,False
degradation_aware,200,0.75,0.2,95.0,0.7506172839506172,0.0171066746426556,0.7703703703703704,False
degradation_aware,200,0.75,0.2,97.5,0.7407407407407408,0.007407407407407418,0.7481481481481481,False
degradation_aware,200,0.75,0.2,99.0,0.7382716049382716,0.011315001715940302,0.7481481481481481,False
degradation_aware,200,0.75,0.3,95.0,0.8757062146892656,0.02446399445718753,0.8898305084745762,False
degradation_aware,200,0.75,0.3,97.5,0.8531073446327683,0.009785597782875051,0.864406779661017,False
degradation_aware,200,0.75,0.3,99.0,0.847457627118644,0.008474576271186474,0.8559322033898306,False
degradation_aware,200,0.75,0.4,95.0,0.9933993399339934,0.005716339298907191,1.0,False
degradation_aware,200,0.75,0.4,97.5,0.9933993399339934,0.005716339298907191,1.0,False
degradation_aware,200,0.75,0.4,99.0,0.9900990099009901,0.00990099009900991,1.0,False
degradation_aware,200,1.0,0.2,95.0,0.7432098765432099,0.030839496288387152,0.7777777777777778,False
degradation_aware,200,1.0,0.2,97.5,0.7308641975308642,0.03421334928531114,0.7703703703703704,False
degradation_aware,200,1.0,0.2,99.0,0.7308641975308642,0.03421334928531114,0.7703703703703704,False
degradation_aware,200,1.0,0.3,95.0,0.8757062146892656,0.025890258163592358,0.8983050847457628,False
degradation_aware,200,1.0,0.3,97.5,0.8446327683615819,0.0400492849682424,0.8898305084745762,False
degradation_aware,200,1.0,0.3,99.0,0.8361581920903954,0.03914239113150001,0.8813559322033898,False
degradation_aware,200,1.0,0.4,95.0,0.9966996699669967,0.005716339298907191,1.0,False
degradation_aware,200,1.0,0.4,97.5,0.9867986798679867,0.011432678597814381,1.0,False
degradation_aware,200,1.0,0.4,99.0,0.9669966996699669,0.028581696494535954,1.0,False
measurement_oriented,100,0.75,0.2,95.0,0.7407407407407408,0.04625924443258073,0.7925925925925926,False
measurement_oriented,100,0.75,0.2,97.5,0.6987654320987655,0.03728313301368272,0.7333333333333333,False
measurement_oriented,100,0.75,0.2,99.0,0.674074074074074,0.014814814814814836,0.6888888888888889,False
measurement_oriented,100,0.75,0.3,95.0,0.8079096045197739,0.042654431837687856,0.847457627118644,False
measurement_oriented,100,0.75,0.3,97.5,0.7598870056497175,0.012945129081796172,0.7711864406779662,False
measurement_oriented,100,0.75,0.3,99.0,0.711864406779661,0.06111103856718626,0.7627118644067796,False
measurement_oriented,100,0.75,0.4,95.0,0.9636963696369637,0.04001437509235028,1.0,False
measurement_oriented,100,0.75,0.4,97.5,0.9141914191419142,0.040014375092350285,0.9504950495049505,False
measurement_oriented,100,0.75,0.4,99.0,0.8580858085808581,0.030248024389147487,0.8910891089108911,False
measurement_oriented,100,1.0,0.2,95.0,0.7234567901234567,0.0238114833604764,0.7407407407407407,False
measurement_oriented,100,1.0,0.2,97.5,0.6839506172839506,0.030839496288387197,0.7185185185185186,False
measurement_oriented,100,1.0,0.2,99.0,0.6641975308641975,0.02804399183111244,0.6962962962962963,False
measurement_oriented,100,1.0,0.3,95.0,0.7824858757062146,0.0352824745672226,0.8220338983050848,False
measurement_oriented,100,1.0,0.3,97.5,0.7570621468926554,0.01764123728361129,0.7711864406779662,False
measurement_oriented,100,1.0,0.3,99.0,0.731638418079096,0.01764123728361131,0.7457627118644068,False
measurement_oriented,100,1.0,0.4,95.0,0.9438943894389439,0.03748454353663544,0.9702970297029703,False
measurement_oriented,100,1.0,0.4,97.5,0.9009900990099009,0.035698527479841445,0.9405940594059405,False
measurement_oriented,100,1.0,0.4,99.0,0.8547854785478548,0.020610554450159746,0.8712871287128713,False
measurement_oriented,200,0.75,0.2,95.0,0.7234567901234569,0.004276668660663901,0.725925925925926,False
measurement_oriented,200,0.75,0.2,97.5,0.6839506172839506,0.011315001715940362,0.6962962962962963,False
measurement_oriented,200,0.75,0.2,99.0,0.6592592592592593,0.007407407407407363,0.6666666666666666,False
measurement_oriented,200,0.75,0.3,95.0,0.7824858757062149,0.029761733765120764,0.8135593220338984,False
measurement_oriented,200,0.75,0.3,97.5,0.7457627118644069,0.008474576271186418,0.7542372881355932,False
measurement_oriented,200,0.75,0.3,99.0,0.711864406779661,0.044843242560416774,0.7457627118644068,False
measurement_oriented,200,0.75,0.4,95.0,0.9405940594059405,0.029702970297029674,0.9702970297029703,False
measurement_oriented,200,0.75,0.4,97.5,0.8877887788778879,0.022865357195628763,0.900990099009901,False
measurement_oriented,200,0.75,0.4,99.0,0.8481848184818482,0.024916945330926588,0.8712871287128713,False
measurement_oriented,200,1.0,0.2,95.0,0.7061728395061729,0.04212030150427651,0.7407407407407407,False
measurement_oriented,200,1.0,0.2,97.5,0.6790123456790124,0.04079681886878596,0.725925925925926,False
measurement_oriented,200,1.0,0.2,99.0,0.6567901234567901,0.03421334928531115,0.6962962962962963,False
measurement_oriented,200,1.0,0.3,95.0,0.7796610169491526,0.03389830508474578,0.8135593220338984,False
measurement_oriented,200,1.0,0.3,97.5,0.748587570621469,0.029761733765120764,0.7796610169491526,False
measurement_oriented,200,1.0,0.3,99.0,0.7259887005649718,0.012945129081796172,0.7372881355932204,False
measurement_oriented,200,1.0,0.4,95.0,0.9372937293729372,0.0347711344978638,0.9702970297029703,False
measurement_oriented,200,1.0,0.4,97.5,0.891089108910891,0.0431574152825809,0.9405940594059405,False
measurement_oriented,200,1.0,0.4,99.0,0.8547854785478548,0.020610554450159746,0.8712871287128713,False
