feature_set,n_estimators,max_features,seed,calibration_fraction,boundary_cycle,percentile,calibration_rows,post_calibration_clean_rows,threshold,post_calibration_clean_fpr,threshold_source
degradation_aware,100,0.75,42,0.2,33,95.0,29,135,0.5606671380328117,0.762962962962963,clean_B0007_cycles_1_to_33_required_features_complete
degradation_aware,100,0.75,42,0.2,33,97.5,29,135,0.5637373789383149,0.7555555555555555,clean_B0007_cycles_1_to_33_required_features_complete
degradation_aware,100,0.75,42,0.2,33,99.0,29,135,0.5643382633324172,0.7555555555555555,clean_B0007_cycles_1_to_33_required_features_complete
degradation_aware,100,0.75,42,0.3,50,95.0,46,118,0.5567054099554782,0.8813559322033898,clean_B0007_cycles_1_to_50_required_features_complete
degradation_aware,100,0.75,42,0.3,50,97.5,46,118,0.5624828514975271,0.864406779661017,clean_B0007_cycles_1_to_50_required_features_complete
degradation_aware,100,0.75,42,0.3,50,99.0,46,118,0.5640950482205186,0.864406779661017,clean_B0007_cycles_1_to_50_required_features_complete
degradation_aware,100,0.75,42,0.4,67,95.0,63,101,0.5626479699516478,0.9900990099009901,clean_B0007_cycles_1_to_67_required_features_complete
degradation_aware,100,0.75,42,0.4,67,97.5,63,101,0.5651240265346132,0.9900990099009901,clean_B0007_cycles_1_to_67_required_features_complete
degradation_aware,100,0.75,42,0.4,67,99.0,63,101,0.5657733829465362,0.9900990099009901,clean_B0007_cycles_1_to_67_required_features_complete
degradation_aware,100,0.75,123,0.2,33,95.0,29,135,0.5687778015566662,0.7777777777777778,clean_B0007_cycles_1_to_33_required_features_complete
degradation_aware,100,0.75,123,0.2,33,97.5,29,135,0.5696953494838354,0.7777777777777778,clean_B0007_cycles_1_to_33_required_features_complete
degradation_aware,100,0.75,123,0.2,33,99.0,29,135,0.5698814876610034,0.7777777777777778,clean_B0007_cycles_1_to_33_required_features_complete
degradation_aware,100,0.75,123,0.3,50,95.0,46,118,0.5663422695625563,0.8898305084745762,clean_B0007_cycles_1_to_50_required_features_complete
degradation_aware,100,0.75,123,0.3,50,97.5,46,118,0.5693172086160214,0.8898305084745762,clean_B0007_cycles_1_to_50_required_features_complete
degradation_aware,100,0.75,123,0.3,50,99.0,46,118,0.569806146017864,0.8898305084745762,clean_B0007_cycles_1_to_50_required_features_complete
degradation_aware,100,0.75,123,0.4,67,95.0,63,101,0.5710354097217465,1.0,clean_B0007_cycles_1_to_67_required_features_complete
degradation_aware,100,0.75,123,0.4,67,97.5,63,101,0.5747998054282932,0.9900990099009901,clean_B0007_cycles_1_to_67_required_features_complete
degradation_aware,100,0.75,123,0.4,67,99.0,63,101,0.5773803327826977,0.9702970297029703,clean_B0007_cycles_1_to_67_required_features_complete
degradation_aware,100,0.75,2026,0.2,33,95.0,29,135,0.568553652877915,0.7703703703703704,clean_B0007_cycles_1_to_33_required_features_complete
degradation_aware,100,0.75,2026,0.2,33,97.5,29,135,0.5727609180060055,0.7481481481481481,clean_B0007_cycles_1_to_33_required_features_complete
degradation_aware,100,0.75,2026,0.2,33,99.0,29,135,0.5759520224390013,0.7407407407407407,clean_B0007_cycles_1_to_33_required_features_complete
degradation_aware,100,0.75,2026,0.3,50,95.0,46,118,0.5631030075566676,0.8813559322033898,clean_B0007_cycles_1_to_50_required_features_complete
degradation_aware,100,0.75,2026,0.3,50,97.5,46,118,0.5698790874408453,0.8813559322033898,clean_B0007_cycles_1_to_50_required_features_complete
degradation_aware,100,0.75,2026,0.3,50,99.0,46,118,0.5746603849304078,0.8559322033898306,clean_B0007_cycles_1_to_50_required_features_complete
degradation_aware,100,0.75,2026,0.4,67,95.0,63,101,0.5704423222242716,1.0,clean_B0007_cycles_1_to_67_required_features_complete
degradation_aware,100,0.75,2026,0.4,67,97.5,63,101,0.5711615432333822,1.0,clean_B0007_cycles_1_to_67_required_features_complete
degradation_aware,100,0.75,2026,0.4,67,99.0,63,101,0.5738329329004441,1.0,clean_B0007_cycles_1_to_67_required_features_complete
degradation_aware,100,1.0,42,0.2,33,95.0,29,135,0.5672406620220509,0.7407407407407407,clean_B0007_cycles_1_to_33_required_features_complete
degradation_aware,100,1.0,42,0.2,33,97.5,29,135,0.5726377108488935,0.7111111111111111,clean_B0007_cycles_1_to_33_required_features_complete
degradation_aware,100,1.0,42,0.2,33,99.0,29,135,0.5733637752807589,0.7111111111111111,clean_B0007_cycles_1_to_33_required_features_complete
degradation_aware,100,1.0,42,0.3,50,95.0,46,118,0.556785932882321,0.8983050847457628,clean_B0007_cycles_1_to_50_required_features_complete
degradation_aware,100,1.0,42,0.3,50,97.5,46,118,0.5705945835927141,0.8220338983050848,clean_B0007_cycles_1_to_50_required_features_complete
degradation_aware,100,1.0,42,0.3,50,99.0,46,118,0.5730698920583371,0.8135593220338984,clean_B0007_cycles_1_to_50_required_features_complete
degradation_aware,100,1.0,42,0.4,67,95.0,63,101,0.5635990517589151,1.0,clean_B0007_cycles_1_to_67_required_features_complete
degradation_aware,100,1.0,42,0.4,67,97.5,63,101,0.5688146992824186,0.9801980198019802,clean_B0007_cycles_1_to_67_required_features_complete
degradation_aware,100,1.0,42,0.4,67,99.0,63,101,0.5727760088359154,0.9504950495049505,clean_B0007_cycles_1_to_67_required_features_complete
degradation_aware,100,1.0,123,0.2,33,95.0,29,135,0.5366387000484479,0.7851851851851852,clean_B0007_cycles_1_to_33_required_features_complete
degradation_aware,100,1.0,123,0.2,33,97.5,29,135,0.5397498793253547,0.7851851851851852,clean_B0007_cycles_1_to_33_required_features_complete
degradation_aware,100,1.0,123,0.2,33,99.0,29,135,0.5399481825314465,0.7851851851851852,clean_B0007_cycles_1_to_33_required_features_complete
degradation_aware,100,1.0,123,0.3,50,95.0,46,118,0.5377522753470848,0.8898305084745762,clean_B0007_cycles_1_to_50_required_features_complete
degradation_aware,100,1.0,123,0.3,50,97.5,46,118,0.5399990556681726,0.8898305084745762,clean_B0007_cycles_1_to_50_required_features_complete
degradation_aware,100,1.0,123,0.3,50,99.0,46,118,0.5400689108571848,0.8898305084745762,clean_B0007_cycles_1_to_50_required_features_complete
degradation_aware,100,1.0,123,0.4,67,95.0,63,101,0.5460198691283252,1.0,clean_B0007_cycles_1_to_67_required_features_complete
degradation_aware,100,1.0,123,0.4,67,97.5,63,101,0.5543004302551908,0.9900990099009901,clean_B0007_cycles_1_to_67_required_features_complete
degradation_aware,100,1.0,123,0.4,67,99.0,63,101,0.5582966507464677,0.9900990099009901,clean_B0007_cycles_1_to_67_required_features_complete
degradation_aware,100,1.0,2026,0.2,33,95.0,29,135,0.5636862477378723,0.7777777777777778,clean_B0007_cycles_1_to_33_required_features_complete
degradation_aware,100,1.0,2026,0.2,33,97.5,29,135,0.5723673834811677,0.7407407407407407,clean_B0007_cycles_1_to_33_required_features_complete
degradation_aware,100,1.0,2026,0.2,33,99.0,29,135,0.5751141247219054,0.7407407407407407,clean_B0007_cycles_1_to_33_required_features_complete
degradation_aware,100,1.0,2026,0.3,50,95.0,46,118,0.5521241563659509,0.9067796610169492,clean_B0007_cycles_1_to_50_required_features_complete
degradation_aware,100,1.0,2026,0.3,50,97.5,46,118,0.5683056824163828,0.8813559322033898,clean_B0007_cycles_1_to_50_required_features_complete
degradation_aware,100,1.0,2026,0.3,50,99.0,46,118,0.5740023485054163,0.847457627118644,clean_B0007_cycles_1_to_50_required_features_complete
degradation_aware,100,1.0,2026,0.4,67,95.0,63,101,0.5688604372830077,0.9900990099009901,clean_B0007_cycles_1_to_67_required_features_complete
degradation_aware,100,1.0,2026,0.4,67,97.5,63,101,0.5700336145566853,0.9900990099009901,clean_B0007_cycles_1_to_67_required_features_complete
degradation_aware,100,1.0,2026,0.4,67,99.0,63,101,0.5728905722889273,0.9900990099009901,clean_B0007_cycles_1_to_67_required_features_complete
degradation_aware,200,0.75,42,0.2,33,95.0,29,135,0.5661820029176182,0.7703703703703704,clean_B0007_cycles_1_to_33_required_features_complete
degradation_aware,200,0.75,42,0.2,33,97.5,29,135,0.5700369554431408,0.7481481481481481,clean_B0007_cycles_1_to_33_required_features_complete
degradation_aware,200,0.75,42,0.2,33,99.0,29,135,0.5703616802933977,0.7481481481481481,clean_B0007_cycles_1_to_33_required_features_complete
degradation_aware,200,0.75,42,0.3,50,95.0,46,118,0.5589800731541734,0.8898305084745762,clean_B0007_cycles_1_to_50_required_features_complete
degradation_aware,200,0.75,42,0.3,50,97.5,46,118,0.5686728196828067,0.864406779661017,clean_B0007_cycles_1_to_50_required_features_complete
degradation_aware,200,0.75,42,0.3,50,99.0,46,118,0.5702302440444843,0.8559322033898306,clean_B0007_cycles_1_to_50_required_features_complete
degradation_aware,200,0.75,42,0.4,67,95.0,63,101,0.5684458979216652,1.0,clean_B0007_cycles_1_to_67_required_features_complete
degradation_aware,200,0.75,42,0.4,67,97.5,63,101,0.5692418424281535,1.0,clean_B0007_cycles_1_to_67_required_features_complete
degradation_aware,200,0.75,42,0.4,67,99.0,63,101,0.5700988077955708,1.0,clean_B0007_cycles_1_to_67_required_features_complete
degradation_aware,200,0.75,123,0.2,33,95.0,29,135,0.5664111168724534,0.7407407407407407,clean_B0007_cycles_1_to_33_required_features_complete
degradation_aware,200,0.75,123,0.2,33,97.5,29,135,0.5673129288040859,0.7407407407407407,clean_B0007_cycles_1_to_33_required_features_complete
degradation_aware,200,0.75,123,0.2,33,99.0,29,135,0.567319441652127,0.7407407407407407,clean_B0007_cycles_1_to_33_required_features_complete
degradation_aware,200,0.75,123,0.3,50,95.0,46,118,0.5607136516822507,0.8898305084745762,clean_B0007_cycles_1_to_50_required_features_complete
degradation_aware,200,0.75,123,0.3,50,97.5,46,118,0.5670279143018592,0.847457627118644,clean_B0007_cycles_1_to_50_required_features_complete
degradation_aware,200,0.75,123,0.3,50,99.0,46,118,0.5673168054993485,0.847457627118644,clean_B0007_cycles_1_to_50_required_features_complete
degradation_aware,200,0.75,123,0.4,67,95.0,63,101,0.5657770480374146,0.9900990099009901,clean_B0007_cycles_1_to_67_required_features_complete
degradation_aware,200,0.75,123,0.4,67,97.5,63,101,0.5666295293589002,0.9900990099009901,clean_B0007_cycles_1_to_67_required_features_complete
degradation_aware,200,0.75,123,0.4,67,99.0,63,101,0.56731416934657,0.9900990099009901,clean_B0007_cycles_1_to_67_required_features_complete
degradation_aware,200,0.75,2026,0.2,33,95.0,29,135,0.5726819609742603,0.7407407407407407,clean_B0007_cycles_1_to_33_required_features_complete
degradation_aware,200,0.75,2026,0.2,33,97.5,29,135,0.5753951038161254,0.7333333333333333,clean_B0007_cycles_1_to_33_required_features_complete
degradation_aware,200,0.75,2026,0.2,33,99.0,29,135,0.5770088970345268,0.725925925925926,clean_B0007_cycles_1_to_33_required_features_complete
degradation_aware,200,0.75,2026,0.3,50,95.0,46,118,0.5699276627893213,0.847457627118644,clean_B0007_cycles_1_to_50_required_features_complete
degradation_aware,200,0.75,2026,0.3,50,97.5,46,118,0.5737547589368632,0.847457627118644,clean_B0007_cycles_1_to_50_required_features_complete
degradation_aware,200,0.75,2026,0.3,50,99.0,46,118,0.5763556950175548,0.8389830508474576,clean_B0007_cycles_1_to_50_required_features_complete
degradation_aware,200,0.75,2026,0.4,67,95.0,63,101,0.568323634755442,0.9900990099009901,clean_B0007_cycles_1_to_67_required_features_complete
degradation_aware,200,0.75,2026,0.4,67,97.5,63,101,0.5720967984492041,0.9900990099009901,clean_B0007_cycles_1_to_67_required_features_complete
degradation_aware,200,0.75,2026,0.4,67,99.0,63,101,0.5757024930005828,0.9801980198019802,clean_B0007_cycles_1_to_67_required_features_complete
degradation_aware,200,1.0,42,0.2,33,95.0,29,135,0.5760699428176336,0.7185185185185186,clean_B0007_cycles_1_to_33_required_features_complete
degradation_aware,200,1.0,42,0.2,33,97.5,29,135,0.5802524859463871,0.7111111111111111,clean_B0007_cycles_1_to_33_required_features_complete
degradation_aware,200,1.0,42,0.2,33,99.0,29,135,0.5814896211853986,0.7111111111111111,clean_B0007_cycles_1_to_33_required_features_complete
degradation_aware,200,1.0,42,0.3,50,95.0,46,118,0.5691253906835692,0.847457627118644,clean_B0007_cycles_1_to_50_required_features_complete
degradation_aware,200,1.0,42,0.3,50,97.5,46,118,0.5783379194494942,0.8135593220338984,clean_B0007_cycles_1_to_50_required_features_complete
degradation_aware,200,1.0,42,0.3,50,99.0,46,118,0.5809888759696082,0.8135593220338984,clean_B0007_cycles_1_to_50_required_features_complete
degradation_aware,200,1.0,42,0.4,67,95.0,63,101,0.5670286150440464,1.0,clean_B0007_cycles_1_to_67_required_features_complete
degradation_aware,200,1.0,42,0.4,67,97.5,63,101,0.5748328646548005,0.9801980198019802,clean_B0007_cycles_1_to_67_required_features_complete
degradation_aware,200,1.0,42,0.4,67,99.0,63,101,0.5804881307538179,0.9504950495049505,clean_B0007_cycles_1_to_67_required_features_complete
degradation_aware,200,1.0,123,0.2,33,95.0,29,135,0.5455610265052956,0.7777777777777778,clean_B0007_cycles_1_to_33_required_features_complete
degradation_aware,200,1.0,123,0.2,33,97.5,29,135,0.5504856773453589,0.7703703703703704,clean_B0007_cycles_1_to_33_required_features_complete
degradation_aware,200,1.0,123,0.2,33,99.0,29,135,0.5513694069116102,0.7703703703703704,clean_B0007_cycles_1_to_33_required_features_complete
degradation_aware,200,1.0,123,0.3,50,95.0,46,118,0.5378849675751722,0.8983050847457628,clean_B0007_cycles_1_to_50_required_features_complete
degradation_aware,200,1.0,123,0.3,50,97.5,46,118,0.5485127496172693,0.8898305084745762,clean_B0007_cycles_1_to_50_required_features_complete
degradation_aware,200,1.0,123,0.3,50,99.0,46,118,0.55101170684908,0.8813559322033898,clean_B0007_cycles_1_to_50_required_features_complete
degradation_aware,200,1.0,123,0.4,67,95.0,63,101,0.5516443670888806,1.0,clean_B0007_cycles_1_to_67_required_features_complete
degradation_aware,200,1.0,123,0.4,67,97.5,63,101,0.5529827005703845,1.0,clean_B0007_cycles_1_to_67_required_features_complete
degradation_aware,200,1.0,123,0.4,67,99.0,63,101,0.5554128900147662,1.0,clean_B0007_cycles_1_to_67_required_features_complete
degradation_aware,200,1.0,2026,0.2,33,95.0,29,135,0.5665570816110875,0.7333333333333333,clean_B0007_cycles_1_to_33_required_features_complete
degradation_aware,200,1.0,2026,0.2,33,97.5,29,135,0.5743200811104148,0.7111111111111111,clean_B0007_cycles_1_to_33_required_features_complete
degradation_aware,200,1.0,2026,0.2,33,99.0,29,135,0.5761055440553421,0.7111111111111111,clean_B0007_cycles_1_to_33_required_features_complete
degradation_aware,200,1.0,2026,0.3,50,95.0,46,118,0.5551822803118242,0.8813559322033898,clean_B0007_cycles_1_to_50_required_features_complete
degradation_aware,200,1.0,2026,0.3,50,97.5,46,118,0.5710173539278482,0.8305084745762712,clean_B0007_cycles_1_to_50_required_features_complete
degradation_aware,200,1.0,2026,0.3,50,99.0,46,118,0.5753828566728715,0.8135593220338984,clean_B0007_cycles_1_to_50_required_features_complete
degradation_aware,200,1.0,2026,0.4,67,95.0,63,101,0.556686869019685,0.9900990099009901,clean_B0007_cycles_1_to_67_required_features_complete
degradation_aware,200,1.0,2026,0.4,67,97.5,63,101,0.5644955353601541,0.9801980198019802,clean_B0007_cycles_1_to_67_required_features_complete
degradation_aware,200,1.0,2026,0.4,67,99.0,63,101,0.574660169290401,0.9504950495049505,clean_B0007_cycles_1_to_67_required_features_complete
measurement_oriented,100,0.75,42,0.2,33,95.0,33,135,0.6189699296393962,0.725925925925926,clean_B0007_cycles_1_to_33_required_features_complete
measurement_oriented,100,0.75,42,0.2,33,97.5,33,135,0.6307145278955277,0.7037037037037037,clean_B0007_cycles_1_to_33_required_features_complete
measurement_oriented,100,0.75,42,0.2,33,99.0,33,135,0.6370887293633837,0.6888888888888889,clean_B0007_cycles_1_to_33_required_features_complete
measurement_oriented,100,0.75,42,0.3,50,95.0,50,118,0.6212420998838607,0.8135593220338984,clean_B0007_cycles_1_to_50_required_features_complete
measurement_oriented,100,0.75,42,0.3,50,97.5,50,118,0.6383502900705634,0.7711864406779662,clean_B0007_cycles_1_to_50_required_features_complete
measurement_oriented,100,0.75,42,0.3,50,99.0,50,118,0.6418802574653834,0.7627118644067796,clean_B0007_cycles_1_to_50_required_features_complete
measurement_oriented,100,0.75,42,0.4,67,95.0,67,101,0.611966841840499,0.9702970297029703,clean_B0007_cycles_1_to_67_required_features_complete
measurement_oriented,100,0.75,42,0.4,67,97.5,67,101,0.6327064658542326,0.9207920792079208,clean_B0007_cycles_1_to_67_required_features_complete
measurement_oriented,100,0.75,42,0.4,67,99.0,67,101,0.6416995706464625,0.8910891089108911,clean_B0007_cycles_1_to_67_required_features_complete
measurement_oriented,100,0.75,123,0.2,33,95.0,33,135,0.5857140183929985,0.7925925925925926,clean_B0007_cycles_1_to_33_required_features_complete
measurement_oriented,100,0.75,123,0.2,33,97.5,33,135,0.6002406701367133,0.7333333333333333,clean_B0007_cycles_1_to_33_required_features_complete
measurement_oriented,100,0.75,123,0.2,33,99.0,33,135,0.6146628184691334,0.674074074074074,clean_B0007_cycles_1_to_33_required_features_complete
measurement_oriented,100,0.75,123,0.3,50,95.0,50,118,0.5942642542813155,0.847457627118644,clean_B0007_cycles_1_to_50_required_features_complete
measurement_oriented,100,0.75,123,0.3,50,97.5,50,118,0.6175306253363488,0.7627118644067796,clean_B0007_cycles_1_to_50_required_features_complete
measurement_oriented,100,0.75,123,0.3,50,99.0,50,118,0.630389519650474,0.7288135593220338,clean_B0007_cycles_1_to_50_required_features_complete
measurement_oriented,100,0.75,123,0.4,67,95.0,67,101,0.5934271601263713,1.0,clean_B0007_cycles_1_to_67_required_features_complete
measurement_oriented,100,0.75,123,0.4,67,97.5,67,101,0.6047863700373007,0.9504950495049505,clean_B0007_cycles_1_to_67_required_features_complete
measurement_oriented,100,0.75,123,0.4,67,99.0,67,101,0.6283522077750093,0.8514851485148515,clean_B0007_cycles_1_to_67_required_features_complete
measurement_oriented,100,0.75,2026,0.2,33,95.0,33,135,0.5954813587500618,0.7037037037037037,clean_B0007_cycles_1_to_33_required_features_complete
measurement_oriented,100,0.75,2026,0.2,33,97.5,33,135,0.6094648492798389,0.6592592592592592,clean_B0007_cycles_1_to_33_required_features_complete
measurement_oriented,100,0.75,2026,0.2,33,99.0,33,135,0.6122675819345673,0.6592592592592592,clean_B0007_cycles_1_to_33_required_features_complete
measurement_oriented,100,0.75,2026,0.3,50,95.0,50,118,0.6028789258528152,0.7627118644067796,clean_B0007_cycles_1_to_50_required_features_complete
measurement_oriented,100,0.75,2026,0.3,50,97.5,50,118,0.612822289439149,0.7457627118644068,clean_B0007_cycles_1_to_50_required_features_complete
measurement_oriented,100,0.75,2026,0.3,50,99.0,50,118,0.643259586650333,0.6440677966101694,clean_B0007_cycles_1_to_50_required_features_complete
measurement_oriented,100,0.75,2026,0.4,67,95.0,67,101,0.5934610175830949,0.9207920792079208,clean_B0007_cycles_1_to_67_required_features_complete
measurement_oriented,100,0.75,2026,0.4,67,97.5,67,101,0.6103407032344416,0.8712871287128713,clean_B0007_cycles_1_to_67_required_features_complete
measurement_oriented,100,0.75,2026,0.4,67,99.0,67,101,0.6335517478905732,0.8316831683168316,clean_B0007_cycles_1_to_67_required_features_complete
measurement_oriented,100,1.0,42,0.2,33,95.0,33,135,0.599296859127172,0.7333333333333333,clean_B0007_cycles_1_to_33_required_features_complete
measurement_oriented,100,1.0,42,0.2,33,97.5,33,135,0.6196089588832151,0.674074074074074,clean_B0007_cycles_1_to_33_required_features_complete
measurement_oriented,100,1.0,42,0.2,33,99.0,33,135,0.6277559129595117,0.6444444444444445,clean_B0007_cycles_1_to_33_required_features_complete
measurement_oriented,100,1.0,42,0.3,50,95.0,50,118,0.6114630447417229,0.7711864406779662,clean_B0007_cycles_1_to_50_required_features_complete
measurement_oriented,100,1.0,42,0.3,50,97.5,50,118,0.6234289153244306,0.7627118644067796,clean_B0007_cycles_1_to_50_required_features_complete
measurement_oriented,100,1.0,42,0.3,50,99.0,50,118,0.6294319722468743,0.7372881355932204,clean_B0007_cycles_1_to_50_required_features_complete
measurement_oriented,100,1.0,42,0.4,67,95.0,67,101,0.600364638105688,0.9603960396039604,clean_B0007_cycles_1_to_67_required_features_complete
measurement_oriented,100,1.0,42,0.4,67,97.5,67,101,0.6194725652962231,0.8910891089108911,clean_B0007_cycles_1_to_67_required_features_complete
measurement_oriented,100,1.0,42,0.4,67,99.0,67,101,0.6281291326894689,0.8613861386138614,clean_B0007_cycles_1_to_67_required_features_complete
measurement_oriented,100,1.0,123,0.2,33,95.0,33,135,0.6083701569511053,0.6962962962962963,clean_B0007_cycles_1_to_33_required_features_complete
measurement_oriented,100,1.0,123,0.2,33,97.5,33,135,0.6192694860517676,0.6592592592592592,clean_B0007_cycles_1_to_33_required_features_complete
measurement_oriented,100,1.0,123,0.2,33,99.0,33,135,0.6220276815371423,0.6518518518518519,clean_B0007_cycles_1_to_33_required_features_complete
measurement_oriented,100,1.0,123,0.3,50,95.0,50,118,0.6154385038468753,0.7542372881355932,clean_B0007_cycles_1_to_50_required_features_complete
measurement_oriented,100,1.0,123,0.3,50,97.5,50,118,0.6225735743936226,0.7372881355932204,clean_B0007_cycles_1_to_50_required_features_complete
measurement_oriented,100,1.0,123,0.3,50,99.0,50,118,0.6384336841012662,0.711864406779661,clean_B0007_cycles_1_to_50_required_features_complete
measurement_oriented,100,1.0,123,0.4,67,95.0,67,101,0.6090736110860048,0.900990099009901,clean_B0007_cycles_1_to_67_required_features_complete
measurement_oriented,100,1.0,123,0.4,67,97.5,67,101,0.6201314221409472,0.8712871287128713,clean_B0007_cycles_1_to_67_required_features_complete
measurement_oriented,100,1.0,123,0.4,67,99.0,67,101,0.6335779489099749,0.8316831683168316,clean_B0007_cycles_1_to_67_required_features_complete
measurement_oriented,100,1.0,2026,0.2,33,95.0,33,135,0.5901687732228105,0.7407407407407407,clean_B0007_cycles_1_to_33_required_features_complete
measurement_oriented,100,1.0,2026,0.2,33,97.5,33,135,0.6010131214532479,0.7185185185185186,clean_B0007_cycles_1_to_33_required_features_complete
measurement_oriented,100,1.0,2026,0.2,33,99.0,33,135,0.6124140020212938,0.6962962962962963,clean_B0007_cycles_1_to_33_required_features_complete
measurement_oriented,100,1.0,2026,0.3,50,95.0,50,118,0.5974688772050584,0.8220338983050848,clean_B0007_cycles_1_to_50_required_features_complete
measurement_oriented,100,1.0,2026,0.3,50,97.5,50,118,0.6151638401138619,0.7711864406779662,clean_B0007_cycles_1_to_50_required_features_complete
measurement_oriented,100,1.0,2026,0.3,50,99.0,50,118,0.6313221921218791,0.7457627118644068,clean_B0007_cycles_1_to_50_required_features_complete
measurement_oriented,100,1.0,2026,0.4,67,95.0,67,101,0.593215763886353,0.9702970297029703,clean_B0007_cycles_1_to_67_required_features_complete
measurement_oriented,100,1.0,2026,0.4,67,97.5,67,101,0.6060013143141364,0.9405940594059405,clean_B0007_cycles_1_to_67_required_features_complete
measurement_oriented,100,1.0,2026,0.4,67,99.0,67,101,0.6275529911034721,0.8712871287128713,clean_B0007_cycles_1_to_67_required_features_complete
measurement_oriented,200,0.75,42,0.2,33,95.0,33,135,0.6044537094622737,0.725925925925926,clean_B0007_cycles_1_to_33_required_features_complete
measurement_oriented,200,0.75,42,0.2,33,97.5,33,135,0.6199605970209499,0.6814814814814815,clean_B0007_cycles_1_to_33_required_features_complete
measurement_oriented,200,0.75,42,0.2,33,99.0,33,135,0.624664330564364,0.6592592592592592,clean_B0007_cycles_1_to_33_required_features_complete
measurement_oriented,200,0.75,42,0.3,50,95.0,50,118,0.6157567623403857,0.7796610169491526,clean_B0007_cycles_1_to_50_required_features_complete
measurement_oriented,200,0.75,42,0.3,50,97.5,50,118,0.6255952778281647,0.7457627118644068,clean_B0007_cycles_1_to_50_required_features_complete
measurement_oriented,200,0.75,42,0.3,50,99.0,50,118,0.6325435447820362,0.7457627118644068,clean_B0007_cycles_1_to_50_required_features_complete
measurement_oriented,200,0.75,42,0.4,67,95.0,67,101,0.6077366265469579,0.9405940594059405,clean_B0007_cycles_1_to_67_required_features_complete
measurement_oriented,200,0.75,42,0.4,67,97.5,67,101,0.6214305137532667,0.900990099009901,clean_B0007_cycles_1_to_67_required_features_complete
measurement_oriented,200,0.75,42,0.4,67,99.0,67,101,0.6309624141635709,0.8712871287128713,clean_B0007_cycles_1_to_67_required_features_complete
measurement_oriented,200,0.75,123,0.2,33,95.0,33,135,0.5931642226641869,0.725925925925926,clean_B0007_cycles_1_to_33_required_features_complete
measurement_oriented,200,0.75,123,0.2,33,97.5,33,135,0.6043610540433024,0.6962962962962963,clean_B0007_cycles_1_to_33_required_features_complete
measurement_oriented,200,0.75,123,0.2,33,99.0,33,135,0.615421627012321,0.6666666666666666,clean_B0007_cycles_1_to_33_required_features_complete
measurement_oriented,200,0.75,123,0.3,50,95.0,50,118,0.5952441846537735,0.8135593220338984,clean_B0007_cycles_1_to_50_required_features_complete
measurement_oriented,200,0.75,123,0.3,50,97.5,50,118,0.6176106987457726,0.7542372881355932,clean_B0007_cycles_1_to_50_required_features_complete
measurement_oriented,200,0.75,123,0.3,50,99.0,50,118,0.6258889066281902,0.7288135593220338,clean_B0007_cycles_1_to_50_required_features_complete
measurement_oriented,200,0.75,123,0.4,67,95.0,67,101,0.5894454453777033,0.9702970297029703,clean_B0007_cycles_1_to_67_required_features_complete
measurement_oriented,200,0.75,123,0.4,67,97.5,67,101,0.6078174830961206,0.900990099009901,clean_B0007_cycles_1_to_67_required_features_complete
measurement_oriented,200,0.75,123,0.4,67,99.0,67,101,0.6248577185271268,0.8514851485148515,clean_B0007_cycles_1_to_67_required_features_complete
measurement_oriented,200,0.75,2026,0.2,33,95.0,33,135,0.6107115095974835,0.7185185185185186,clean_B0007_cycles_1_to_33_required_features_complete
measurement_oriented,200,0.75,2026,0.2,33,97.5,33,135,0.623911909683921,0.674074074074074,clean_B0007_cycles_1_to_33_required_features_complete
measurement_oriented,200,0.75,2026,0.2,33,99.0,33,135,0.6322083790524389,0.6518518518518519,clean_B0007_cycles_1_to_33_required_features_complete
measurement_oriented,200,0.75,2026,0.3,50,95.0,50,118,0.62386525481541,0.7542372881355932,clean_B0007_cycles_1_to_50_required_features_complete
measurement_oriented,200,0.75,2026,0.3,50,97.5,50,118,0.6352454734474736,0.7372881355932204,clean_B0007_cycles_1_to_50_required_features_complete
measurement_oriented,200,0.75,2026,0.3,50,99.0,50,118,0.6516601543790101,0.6610169491525424,clean_B0007_cycles_1_to_50_required_features_complete
measurement_oriented,200,0.75,2026,0.4,67,95.0,67,101,0.6155832785222609,0.9108910891089109,clean_B0007_cycles_1_to_67_required_features_complete
measurement_oriented,200,0.75,2026,0.4,67,97.5,67,101,0.6305348014332945,0.8613861386138614,clean_B0007_cycles_1_to_67_required_features_complete
measurement_oriented,200,0.75,2026,0.4,67,99.0,67,101,0.6470198891298239,0.8217821782178217,clean_B0007_cycles_1_to_67_required_features_complete
measurement_oriented,200,1.0,42,0.2,33,95.0,33,135,0.6052913229350192,0.7185185185185186,clean_B0007_cycles_1_to_33_required_features_complete
measurement_oriented,200,1.0,42,0.2,33,97.5,33,135,0.6235112486137907,0.6592592592592592,clean_B0007_cycles_1_to_33_required_features_complete
measurement_oriented,200,1.0,42,0.2,33,99.0,33,135,0.6350124270915372,0.6370370370370371,clean_B0007_cycles_1_to_33_required_features_complete
measurement_oriented,200,1.0,42,0.3,50,95.0,50,118,0.6137842910488992,0.7796610169491526,clean_B0007_cycles_1_to_50_required_features_complete
measurement_oriented,200,1.0,42,0.3,50,97.5,50,118,0.6268768090936482,0.7457627118644068,clean_B0007_cycles_1_to_50_required_features_complete
measurement_oriented,200,1.0,42,0.3,50,99.0,50,118,0.6360968761540063,0.7288135593220338,clean_B0007_cycles_1_to_50_required_features_complete
measurement_oriented,200,1.0,42,0.4,67,95.0,67,101,0.604328851578027,0.9405940594059405,clean_B0007_cycles_1_to_67_required_features_complete
measurement_oriented,200,1.0,42,0.4,67,97.5,67,101,0.622403221705209,0.8712871287128713,clean_B0007_cycles_1_to_67_required_features_complete
measurement_oriented,200,1.0,42,0.4,67,99.0,67,101,0.6338129770651801,0.8613861386138614,clean_B0007_cycles_1_to_67_required_features_complete
measurement_oriented,200,1.0,123,0.2,33,95.0,33,135,0.6212330112770387,0.6592592592592592,clean_B0007_cycles_1_to_33_required_features_complete
measurement_oriented,200,1.0,123,0.2,33,97.5,33,135,0.6324409837482289,0.6518518518518519,clean_B0007_cycles_1_to_33_required_features_complete
measurement_oriented,200,1.0,123,0.2,33,99.0,33,135,0.6358253496421374,0.6370370370370371,clean_B0007_cycles_1_to_33_required_features_complete
measurement_oriented,200,1.0,123,0.3,50,95.0,50,118,0.6243503237389098,0.7457627118644068,clean_B0007_cycles_1_to_50_required_features_complete
measurement_oriented,200,1.0,123,0.3,50,97.5,50,118,0.6364951720586401,0.7203389830508474,clean_B0007_cycles_1_to_50_required_features_complete
measurement_oriented,200,1.0,123,0.3,50,99.0,50,118,0.6428880395257573,0.711864406779661,clean_B0007_cycles_1_to_50_required_features_complete
measurement_oriented,200,1.0,123,0.4,67,95.0,67,101,0.6157400206459213,0.900990099009901,clean_B0007_cycles_1_to_67_required_features_complete
measurement_oriented,200,1.0,123,0.4,67,97.5,67,101,0.6334985980900752,0.8613861386138614,clean_B0007_cycles_1_to_67_required_features_complete
measurement_oriented,200,1.0,123,0.4,67,99.0,67,101,0.6412858908743082,0.8316831683168316,clean_B0007_cycles_1_to_67_required_features_complete
measurement_oriented,200,1.0,2026,0.2,33,95.0,33,135,0.5885694829691402,0.7407407407407407,clean_B0007_cycles_1_to_33_required_features_complete
measurement_oriented,200,1.0,2026,0.2,33,97.5,33,135,0.6011695856215559,0.725925925925926,clean_B0007_cycles_1_to_33_required_features_complete
measurement_oriented,200,1.0,2026,0.2,33,99.0,33,135,0.6090582082217139,0.6962962962962963,clean_B0007_cycles_1_to_33_required_features_complete
measurement_oriented,200,1.0,2026,0.3,50,95.0,50,118,0.6011719324275361,0.8135593220338984,clean_B0007_cycles_1_to_50_required_features_complete
measurement_oriented,200,1.0,2026,0.3,50,97.5,50,118,0.6119651097478928,0.7796610169491526,clean_B0007_cycles_1_to_50_required_features_complete
measurement_oriented,200,1.0,2026,0.3,50,99.0,50,118,0.632003916970896,0.7372881355932204,clean_B0007_cycles_1_to_50_required_features_complete
measurement_oriented,200,1.0,2026,0.4,67,95.0,67,101,0.5932260712536485,0.9702970297029703,clean_B0007_cycles_1_to_67_required_features_complete
measurement_oriented,200,1.0,2026,0.4,67,97.5,67,101,0.6075221026897354,0.9405940594059405,clean_B0007_cycles_1_to_67_required_features_complete
measurement_oriented,200,1.0,2026,0.4,67,99.0,67,101,0.6261083746323151,0.8712871287128713,clean_B0007_cycles_1_to_67_required_features_complete
