feature_set,n_estimators,max_features,calibration_fraction,percentile,threshold_mean,threshold_std,post_calibration_clean_fpr_mean,post_calibration_clean_fpr_std
degradation_aware,100,0.75,0.2,95.0,0.5659995308224643,0.00461934738950224,0.7703703703703703,0.007407407407407418
degradation_aware,100,0.75,0.2,97.5,0.5687312154760519,0.0045883799009300095,0.7604938271604939,0.015419748144193585
degradation_aware,100,0.75,0.2,99.0,0.5700572578108073,0.005808874375093094,0.7580246913580247,0.018641566506841376
degradation_aware,100,0.75,0.3,95.0,0.5620502290249006,0.004903929317327634,0.884180790960452,0.004892798891437501
degradation_aware,100,0.75,0.3,97.5,0.5672263825181313,0.004117613612400005,0.8785310734463277,0.012945129081796127
degradation_aware,100,0.75,0.3,99.0,0.5695205263895967,0.005288456190361395,0.8700564971751413,0.017641237283611236
degradation_aware,100,0.75,0.4,95.0,0.5680419006325553,0.0046806841741076355,0.9966996699669967,0.005716339298907199
degradation_aware,100,0.75,0.4,97.5,0.5703617917320962,0.004887215582282243,0.9933993399339934,0.005716339298907175
degradation_aware,100,0.75,0.4,99.0,0.5723288828765594,0.005947852215762697,0.9867986798679867,0.015124012194573756
degradation_aware,100,1.0,0.2,95.0,0.555855203269457,0.016736605458042682,0.7679012345679013,0.02381148336047646
degradation_aware,100,1.0,0.2,97.5,0.5615849912184719,0.018910244650986105,0.745679012345679,0.03728313301368269
degradation_aware,100,1.0,0.2,99.0,0.5628086941780369,0.019817118240285425,0.745679012345679,0.03728313301368269
degradation_aware,100,1.0,0.3,95.0,0.5488874548651189,0.009921048696900914,0.8983050847457626,0.00847457627118646
degradation_aware,100,1.0,0.3,97.5,0.5596331072257565,0.017042058343203405,0.864406779661017,0.03693982155542944
degradation_aware,100,1.0,0.3,99.0,0.5623803838069794,0.019327926367008114,0.8502824858757062,0.03821398095612621
degradation_aware,100,1.0,0.4,95.0,0.5594931193900826,0.011961057598316437,0.9966996699669967,0.005716339298907175
degradation_aware,100,1.0,0.4,97.5,0.5643829146980982,0.0087529313956847,0.9867986798679867,0.005716339298907199
degradation_aware,100,1.0,0.4,99.0,0.5679877439571035,0.0083929283869883,0.9768976897689768,0.022865357195628773
degradation_aware,200,0.75,0.2,95.0,0.568425026921444,0.0036883924613028266,0.7506172839506172,0.017106674642655594
degradation_aware,200,0.75,0.2,97.5,0.5709149960211174,0.004112007377636698,0.7407407407407408,0.007407407407407446
degradation_aware,200,0.75,0.2,99.0,0.5715633396600172,0.0049552371615209,0.7382716049382716,0.011315001715940326
degradation_aware,200,0.75,0.3,95.0,0.5632071292085818,0.005884343832207498,0.8757062146892656,0.024463994457187516
degradation_aware,200,0.75,0.3,97.5,0.5698184976405097,0.0035067140135667616,0.8531073446327683,0.009785597782875003
degradation_aware,200,0.75,0.3,99.0,0.5713009148537959,0.0046135813547632295,0.847457627118644,0.008474576271186432
degradation_aware,200,0.75,0.4,95.0,0.5675155269048405,0.0015068074362103699,0.9933993399339934,0.005716339298907199
degradation_aware,200,0.75,0.4,97.5,0.5693227234120859,0.0027345317929436614,0.9933993399339934,0.005716339298907199
degradation_aware,200,0.75,0.4,99.0,0.5710384900475746,0.004272381710728332,0.9900990099009901,0.00990099009900991
degradation_aware,200,1.0,0.2,95.0,0.562729350311339,0.015610481697103948,0.7432098765432098,0.030839496288387135
degradation_aware,200,1.0,0.2,97.5,0.5683527481340537,0.015755079203565964,0.7308641975308642,0.03421334928531115
degradation_aware,200,1.0,0.2,99.0,0.5696548573841169,0.016062856093250453,0.7308641975308642,0.03421334928531115
degradation_aware,200,1.0,0.3,95.0,0.5540642128568551,0.015650193772708078,0.8757062146892656,0.025890258163592354
degradation_aware,200,1.0,0.3,97.5,0.5659560076648705,0.015543426532640217,0.8446327683615819,0.040049284968242414
degradation_aware,200,1.0,0.3,99.0,0.5691278131638532,0.015937435304808976,0.8361581920903954,0.03914239113150001
degradation_aware,200,1.0,0.4,95.0,0.5584532837175374,0.007842763349107083,0.9966996699669967,0.005716339298907175
degradation_aware,200,1.0,0.4,97.5,0.564103700195113,0.010930350805276021,0.9867986798679867,0.011432678597814373
degradation_aware,200,1.0,0.4,99.0,0.5701870633529951,0.013122440019896894,0.9669966996699669,0.028581696494535947
measurement_oriented,100,0.75,0.2,95.0,0.6000551022608188,0.017093222501439406,0.7407407407407408,0.04625924443258075
measurement_oriented,100,0.75,0.2,97.5,0.6134733491040266,0.015627381572307558,0.6987654320987654,0.03728313301368272
measurement_oriented,100,0.75,0.2,99.0,0.6213397099223615,0.013691530211389928,0.674074074074074,0.014814814814814836
measurement_oriented,100,0.75,0.3,95.0,0.6061284266726638,0.013779349767762657,0.8079096045197739,0.042654431837687856
measurement_oriented,100,0.75,0.3,97.5,0.6229010682820204,0.013584952967673846,0.7598870056497176,0.012945129081796118
measurement_oriented,100,0.75,0.3,99.0,0.6385097879220635,0.007066095446004845,0.7118644067796609,0.061111038567186304
measurement_oriented,100,0.75,0.4,95.0,0.5996183398499885,0.01069412982149912,0.9636963696369637,0.04001437509235028
measurement_oriented,100,0.75,0.4,97.5,0.6159445130419917,0.01477954501586771,0.9141914191419142,0.040014375092350264
measurement_oriented,100,0.75,0.4,99.0,0.6345345087706816,0.006727732761946271,0.8580858085808581,0.030248024389147473
measurement_oriented,100,1.0,0.2,95.0,0.5992785964336959,0.009100705607294314,0.7234567901234567,0.023811483360476404
measurement_oriented,100,1.0,0.2,97.5,0.6132971887960769,0.010639668383610012,0.6839506172839506,0.03083949628838721
measurement_oriented,100,1.0,0.2,99.0,0.6207325321726492,0.007752523248356777,0.6641975308641975,0.028043991831112475
measurement_oriented,100,1.0,0.3,95.0,0.6081234752645521,0.009438824801383442,0.7824858757062146,0.03528247456722264
measurement_oriented,100,1.0,0.3,97.5,0.6203887766106383,0.004545093296455878,0.7570621468926554,0.01764123728361129
measurement_oriented,100,1.0,0.3,99.0,0.6330626161566731,0.004746526197446059,0.731638418079096,0.017641237283611298
measurement_oriented,100,1.0,0.4,95.0,0.6008846710260153,0.007941703540837041,0.9438943894389439,0.037484543536635426
measurement_oriented,100,1.0,0.4,97.5,0.6152017672504355,0.007974633142675061,0.9009900990099009,0.03569852747984143
measurement_oriented,100,1.0,0.4,99.0,0.6297533575676386,0.0033246968258299637,0.8547854785478548,0.020610554450159736
measurement_oriented,200,0.75,0.2,95.0,0.602776480574648,0.008893067088242135,0.7234567901234569,0.004276668660663917
measurement_oriented,200,0.75,0.2,97.5,0.6160778535827244,0.01033758973481675,0.6839506172839506,0.01131500171594035
measurement_oriented,200,0.75,0.2,99.0,0.6240981122097079,0.008407687757818026,0.6592592592592593,0.00740740740740739
measurement_oriented,200,0.75,0.3,95.0,0.6116220672698564,0.014751718265816515,0.7824858757062146,0.029761733765120774
measurement_oriented,200,0.75,0.3,97.5,0.6261504833404703,0.008830487504413882,0.7457627118644069,0.008474576271186418
measurement_oriented,200,0.75,0.3,99.0,0.6366975352630789,0.013378379212220709,0.711864406779661,0.044843242560416795
measurement_oriented,200,0.75,0.4,95.0,0.6042551168156407,0.013412205742536393,0.9405940594059405,0.02970297029702966
measurement_oriented,200,0.75,0.4,97.5,0.6199275994275606,0.011432987435965013,0.8877887788778879,0.022865357195628745
measurement_oriented,200,0.75,0.4,99.0,0.6342800072735072,0.011447500578208564,0.8481848184818482,0.024916945330926574
measurement_oriented,200,1.0,0.2,95.0,0.6050312723937327,0.01633331687359426,0.7061728395061729,0.04212030150427651
measurement_oriented,200,1.0,0.2,97.5,0.6190406059945252,0.016107919458177,0.6790123456790124,0.040796818868785965
measurement_oriented,200,1.0,0.2,99.0,0.6266319949851294,0.015224772467029494,0.6567901234567901,0.034213349285311154
measurement_oriented,200,1.0,0.3,95.0,0.613102182405115,0.011604241039259515,0.7796610169491526,0.03389830508474578
measurement_oriented,200,1.0,0.3,97.5,0.6251123636333937,0.012359851944054479,0.7485875706214689,0.029761733765120747
measurement_oriented,200,1.0,0.3,99.0,0.6369962775502199,0.005497519722651645,0.7259887005649718,0.01294512908179616
measurement_oriented,200,1.0,0.4,95.0,0.6044316478258656,0.011257326708010322,0.9372937293729372,0.03477113449786382
measurement_oriented,200,1.0,0.4,97.5,0.6211413074950065,0.013034143582391683,0.891089108910891,0.04315741528258089
measurement_oriented,200,1.0,0.4,99.0,0.6337357475239345,0.007589052847392897,0.8547854785478548,0.020610554450159736
