feature_set,feature,training_rows,early_rows,training_median,early_median,training_MAD,early_MAD,median_shift,robust_standardized_shift,training_p05,training_p95,early_p05,early_p95,zero_training_MAD,absolute_shift
degradation_aware,delta_temp_c,92,46,14.167974409555207,15.473890075355396,0.2780543842408463,0.17328774209651332,1.305915665800189,4.69661958168955,13.17051267402467,14.745643295680713,14.992978210473492,15.989998340438664,False,4.69661958168955
degradation_aware,time_to_3_4v_s,92,46,2849.844,2956.578,76.84349999999995,23.14049999999861,106.73399999999992,1.3889788986706748,2503.0934500000003,3084.8471,2811.08975,3012.3355,False,1.3889788986706748
degradation_aware,mean_voltage_v,92,46,3.5569243794001286,3.5632523789976283,0.00566270932430446,0.005164710495513702,0.006327999597499634,1.1174862128874838,3.5126979032569605,3.5692414332975555,3.5424826703718715,3.5709862255156812,False,1.1174862128874838
degradation_aware,capacity_retention,92,46,0.9559628303649278,0.9811522911759578,0.025599806844032513,0.009738015089793994,0.025189460811030018,0.9839707371425676,0.8611363975468981,0.9890666486303856,0.9502297094447146,0.9948841617045808,False,0.9839707371425676
degradation_aware,capacity_slope_5,92,46,-0.004524897965427649,-0.0031582830181572,0.005692129078715,0.00193417915978215,0.001366614947270449,0.24008853776361705,-0.01576551855254204,0.01500730122990505,-0.006668895490294725,0.006772295082257975,False,0.24008853776361705
degradation_aware,mean_temp_c,92,46,31.84604214628745,31.794044830673165,0.3611176483845817,0.4752171780347183,-0.051997315614283224,-0.14398995963472636,30.949812770745062,32.68195214468801,30.947791940453076,32.591094661766455,False,0.14398995963472636
degradation_aware,duration_s,92,46,3410.703,3410.703,80.875,80.875,0.0,0.0,3293.172,3629.172,3295.2737500000003,3619.8125,False,0.0
measurement_oriented,delta_temp_c,100,50,14.184304546313657,15.507351058038989,0.2714410932260112,0.18973052374620814,1.323046511725332,4.874157026120279,13.183830093796766,14.768283500945213,15.00688930706595,16.06179267741762,False,4.874157026120279
measurement_oriented,max_temp_c,100,50,38.42311918850932,39.409156047124384,0.3966297725131369,0.5717453590784878,0.9860368586150656,2.4860384341984987,37.24965324516816,39.18437501188593,38.490313966941166,40.33993003858701,False,2.4860384341984987
measurement_oriented,time_to_3_4v_s,100,50,2860.3755,2957.1175000000003,75.00749999999994,21.733999999998332,96.74200000000019,1.2897643568976471,2510.52505,3115.31015,2818.72395,3008.6919,False,1.2897643568976471
measurement_oriented,mean_current_a,100,50,-1.923237451969848,-1.967608489297985,0.042279286490248036,0.010723497386005754,-0.044371037328136964,-1.049474601194403,-1.9899538767634681,-1.8252448323841888,-1.9784335348196564,-1.8685267471526232,False,1.049474601194403
measurement_oriented,mean_voltage_v,100,50,3.5568896464398856,3.5625918765577915,0.005867332137737158,0.006227446544326387,0.005702230117905938,0.9718608021575382,3.5138812006589175,3.5692109007276005,3.5344628751429354,3.570927773492328,False,0.9718608021575382
measurement_oriented,start_temp_c,100,50,24.262403716230622,23.942422949412062,0.37950740951170303,0.34259703071607817,-0.3199807668185599,-0.8431476139827319,23.28127176742892,24.911163473014717,23.054770410464922,24.59745439011232,False,0.8431476139827319
measurement_oriented,mean_temp_c,100,50,31.877198116166063,31.855429854408634,0.3914648743613327,0.5235011564090009,-0.02176826175742974,-0.05560719028225517,30.964687332590774,32.70149917064567,30.954506003307703,32.71431683078706,False,0.05560719028225517
measurement_oriented,duration_s,100,50,3413.2574999999997,3413.2574999999997,84.15599999999972,84.15599999999972,0.0,0.0,3293.172,3652.281,3296.9551500000002,3651.993,False,0.0
