feature_set,n_estimators,max_features,region,score_mean_mean,score_mean_std,score_median_mean,score_median_std,score_p05_mean,score_p05_std,score_p95_mean,score_p95_std
degradation_aware,100,0.75,early_B0007,0.5075741048290907,0.008351074540050381,0.5017295107744651,0.012483536299223734,0.47622856546136183,0.006022638395582951,0.5620502290249006,0.004903929317327634
degradation_aware,100,0.75,late_B0007,0.6370749486583673,0.013028552337535092,0.6648887126414144,0.017390136822026333,0.5203260644561497,0.008565456892072556,0.6806364913094414,0.015366391175928685
degradation_aware,100,0.75,training_nominal,0.46489814107602606,0.0007055562365503122,0.4651223009909317,0.0016829033196034127,0.38178107682655277,0.0034505573187234404,0.5771920539522188,0.004757135623429435
degradation_aware,100,1.0,early_B0007,0.4874357963680394,0.015606864534909955,0.4805949638650893,0.019620724745143675,0.44799922959621236,0.013921256625884308,0.5488874548651189,0.009921048696900914
degradation_aware,100,1.0,late_B0007,0.6346903619525172,0.0006653904727260938,0.6653886349580519,0.0027070907216190827,0.5032390578270961,0.015954379711731744,0.6807122227485097,0.0007781724359742431
degradation_aware,100,1.0,training_nominal,0.4619231731067905,0.0018598188982884047,0.45612682093047857,0.0007693983645352019,0.37808933784071536,0.0011678770120605868,0.5807833746005094,0.005550643398359883
degradation_aware,200,0.75,early_B0007,0.5062329757036675,0.00900500871094102,0.5013648073238111,0.010635693904640314,0.4741226933056572,0.009875956427468224,0.5632071292085818,0.005884343832207498
degradation_aware,200,0.75,late_B0007,0.6396973063803646,0.009879978151651364,0.669039138171318,0.013346621475185129,0.5198001715017343,0.0034137577555606604,0.685204447973533,0.013548254046529677
degradation_aware,200,0.75,training_nominal,0.4662132836764246,0.0023080758385291195,0.4670738838429642,0.004011077567952327,0.3858368595983046,0.003745972212861015,0.5787731544516831,0.0013076745841815714
degradation_aware,200,1.0,early_B0007,0.49108208865938846,0.011140363597117623,0.48466798407626643,0.011599363558789334,0.45339370064679546,0.011383796550517111,0.5540642128568551,0.015650193772708078
degradation_aware,200,1.0,late_B0007,0.634548899256303,0.0011901890495447172,0.6646354845349198,0.006214768113993866,0.5041006011428933,0.009531270057320287,0.6818371180670715,0.0031131489493267284
degradation_aware,200,1.0,training_nominal,0.4625193740020171,0.0028368489071891535,0.4561711418772803,0.0029407626432887465,0.3802080152059039,0.003594259239786512,0.5846957224905336,0.005019236954084507
measurement_oriented,100,0.75,early_B0007,0.5333353009348212,0.011868575476797347,0.5198932463346599,0.01332761949750411,0.49527491276082075,0.014215099691803216,0.6061284266726638,0.013779349767762657
measurement_oriented,100,0.75,late_B0007,0.6506569051969642,0.017678060875887965,0.6713583436858537,0.020151286923975498,0.5616689682722453,0.024562639377142478,0.6952287033990583,0.011851424160201055
measurement_oriented,100,0.75,training_nominal,0.463911080037426,0.005158246380685953,0.4528689409710955,0.005460919673163311,0.3912193019082964,0.0033168135863923167,0.5717671964800817,0.0034032050393344336
measurement_oriented,100,1.0,early_B0007,0.5284438877529894,0.004092067750763226,0.5176622150912125,0.0044848279570331865,0.49182434014185783,0.0010306433079814064,0.6081234752645521,0.009438824801383442
measurement_oriented,100,1.0,late_B0007,0.646588473856709,0.006441002788921302,0.6708950082568514,0.007881835148935222,0.5414016585681435,0.012878522284371894,0.6871966612903381,0.008482253905281512
measurement_oriented,100,1.0,training_nominal,0.46467639599761373,0.0031529229489572516,0.45758140179723367,0.003508636935918082,0.3902679247733986,0.005359231425396564,0.5646719550026315,0.004381660598381171
measurement_oriented,200,0.75,early_B0007,0.5391288103910861,0.006298077064367952,0.5256178349289181,0.003782120182811114,0.5053616135903535,0.008982935901851218,0.6116220672698564,0.014751718265816515
measurement_oriented,200,0.75,late_B0007,0.6494401671625587,0.006214959831630816,0.6725965097012807,0.008636266372065058,0.5596881255424436,0.004755941777485147,0.6879689011067033,0.006830546284976784
measurement_oriented,200,0.75,training_nominal,0.4650490374738577,0.0022440700672747577,0.45533412733572637,0.0013090356407407448,0.39254594503700746,0.0016612511260013074,0.567741043472458,0.0028087755009778784
measurement_oriented,200,1.0,early_B0007,0.5316725564982604,0.0062674260371097055,0.5184170016288033,0.005960612382248112,0.4948152590050114,0.0055529539310015105,0.613102182405115,0.011604241039259515
measurement_oriented,200,1.0,late_B0007,0.6515312634773166,0.004491605194608821,0.6779017438948242,0.005759598362502876,0.547073447453655,0.013251596413546356,0.6917165849689341,0.005413734094256444
measurement_oriented,200,1.0,training_nominal,0.464931362202498,0.001593560786283238,0.4591738378569316,0.0029223993395545178,0.3902083861140097,0.0034438241120774136,0.5713816430345181,0.00233205428093613
