feature_set,n_estimators,max_features,seed,region,count,score_mean,score_std,score_min,score_p05,score_median,score_p95,score_max
degradation_aware,100,0.75,42,training_nominal,92,0.46418376103321235,0.06288911459023509,0.3733016503535249,0.3800586204418264,0.46704968785216394,0.5735580241029108,0.6582731944039267
degradation_aware,100,0.75,42,early_B0007,46,0.5067117016645344,0.02496848751380307,0.4751978329420262,0.4771215453214668,0.49936038552212164,0.5567054099554782,0.5647388529284854
degradation_aware,100,0.75,42,late_B0007,118,0.6224013979722212,0.04541148056568938,0.4925137934329252,0.5162693814602246,0.6448538279267142,0.6646713220107643,0.671051075406523
degradation_aware,100,0.75,123,training_nominal,92,0.46491613282391564,0.0648689019094167,0.37602889419961333,0.3795308417278208,0.46394401842150784,0.5825763801375361,0.6686174175836024
degradation_aware,100,0.75,123,early_B0007,46,0.499687696083889,0.030147027992645778,0.4589630603814366,0.4698092944813264,0.4906002960480913,0.5663422695625563,0.5700055797791155
degradation_aware,100,0.75,123,late_B0007,118,0.6472854600205825,0.05418854972013418,0.49247239751896893,0.5301662267452519,0.6760763705944143,0.6953243727247772,0.702617492153338
degradation_aware,100,0.75,2026,training_nominal,92,0.46559452937095025,0.060782471789760456,0.37714212308085004,0.38575376831001107,0.4643731966991233,0.5754417576162095,0.6519793723963292
degradation_aware,100,0.75,2026,early_B0007,46,0.5163229167388488,0.024736210452624034,0.47320321146707056,0.48175485658129225,0.5152278507531827,0.5631030075566676,0.578079425394332
degradation_aware,100,0.75,2026,late_B0007,118,0.6415379879822983,0.05420032971395753,0.5009423241734164,0.5145425851629726,0.6737359394031147,0.6819137791927827,0.6880209822351009
degradation_aware,100,1.0,42,training_nominal,92,0.4640163564701767,0.0639606367972142,0.37548903394492755,0.37942898134109987,0.4557577560444178,0.5814112416524316,0.6446947930203751
degradation_aware,100,1.0,42,early_B0007,46,0.4981079541132105,0.02960585061613385,0.44900242734644924,0.460355417547368,0.4921731520380007,0.556785932882321,0.5738478182353359
degradation_aware,100,1.0,42,late_B0007,118,0.6354442663808526,0.05343123419494708,0.4920343238075216,0.5147340073994426,0.6631608729872793,0.6803203498411615,0.6843588560321842
degradation_aware,100,1.0,123,training_nominal,92,0.46046081239082115,0.06655914122211064,0.37014044803103363,0.37728552659762254,0.4556114839744371,0.5859933870699026,0.6662093225120118
degradation_aware,100,1.0,123,early_B0007,46,0.46952382757037625,0.03279369361573816,0.4246081211982989,0.43291637001279765,0.4579407576088559,0.5377522753470848,0.540080384668841
degradation_aware,100,1.0,123,late_B0007,118,0.6341850915171303,0.06171772427064686,0.45241851786712484,0.48502395164065176,0.6684015018902689,0.6816084299058941,0.6855931199956191
degradation_aware,100,1.0,2026,training_nominal,92,0.46129235045937345,0.0656262245794854,0.37507080991028946,0.3775535055834237,0.45701122277258077,0.5749454950791942,0.6561606350904399
degradation_aware,100,1.0,2026,early_B0007,46,0.49467560742053146,0.03204652732612521,0.44916055115726716,0.4507259012284715,0.4916709819484113,0.5521241563659509,0.5769452855490639
degradation_aware,100,1.0,2026,late_B0007,118,0.6344417279595687,0.05435577596713928,0.4795941674628932,0.5099592144411939,0.6646035299966073,0.6802078884984735,0.6869569039832979
degradation_aware,200,0.75,42,training_nominal,92,0.46557872800598116,0.06300731130783464,0.37807984583390875,0.38226959683141676,0.46673854581247937,0.5781413371275064,0.6552150912603343
degradation_aware,200,0.75,42,early_B0007,46,0.5028309606779477,0.028919263878574394,0.4589172783668193,0.46796702790110656,0.49688594878625825,0.5589800731541734,0.5705781635269024
degradation_aware,200,0.75,42,late_B0007,118,0.6295038722398706,0.047889323874892475,0.4911874331770136,0.5177226309704455,0.6544051950677736,0.6717041407988468,0.6805777072270189
degradation_aware,200,0.75,123,training_nominal,92,0.46428886162044036,0.06263859318018491,0.3805176510405161,0.3855019336699185,0.46324100232607823,0.5802767575061836,0.6740569203259864
degradation_aware,200,0.75,123,early_B0007,46,0.4994245824028564,0.028391599709346925,0.4599805122934869,0.46888696161426446,0.4937010626325055,0.5607136516822507,0.567323783550821
degradation_aware,200,0.75,123,late_B0007,118,0.6492307332219023,0.05851692944382631,0.48412243028194335,0.5237400813743762,0.6805415710756226,0.6988001451734129,0.702488043686333
degradation_aware,200,0.75,2026,training_nominal,92,0.46877226140285233,0.06020803749550077,0.3805377805101897,0.38973904829357864,0.4712421033903351,0.5779013687213594,0.661914589472421
degradation_aware,200,0.75,2026,early_B0007,46,0.5164433840301986,0.025782331394149222,0.47562739396630704,0.48551409040160054,0.5135074105526695,0.5699276627893213,0.5780847591801278
degradation_aware,200,0.75,2026,late_B0007,118,0.6403573136793208,0.05560285743408297,0.4930589679215876,0.5179378021603812,0.6721706483705576,0.685109057948339,0.6908476055283633
degradation_aware,200,1.0,42,training_nominal,92,0.465688705781468,0.062113135867380195,0.37764915566383045,0.38431246155871834,0.45937431300669207,0.5820521279307346,0.6410156547867877
degradation_aware,200,1.0,42,early_B0007,46,0.5007435410008011,0.032373848595007235,0.4603063044719524,0.4628409809433799,0.49316013227616384,0.5691253906835692,0.5823143780114063
degradation_aware,200,1.0,42,late_B0007,118,0.6332269806528606,0.05219528344203512,0.485178512719291,0.5125474227760125,0.6578357718655652,0.6782694537536846,0.6821779714086702
degradation_aware,200,1.0,123,training_nominal,92,0.4602176211049889,0.0651790592518285,0.37263492313937224,0.37868855800573925,0.45554569972465075,0.5815508324684386,0.6621264279683038
degradation_aware,200,1.0,123,early_B0007,46,0.47889609532378985,0.03148067823829689,0.43633644245705466,0.4407547275837175,0.47145208282178436,0.5378849675751722,0.5519585599557778
degradation_aware,200,1.0,123,late_B0007,118,0.635535355682529,0.06069759845819418,0.456474862750361,0.49376707476856624,0.6700218638172064,0.683239472975513,0.6884068769516257
degradation_aware,200,1.0,2026,training_nominal,92,0.4616517951195945,0.06604536665144084,0.3734010852909636,0.3776230260532541,0.45359341290049815,0.5904842070724274,0.6520929313495794
degradation_aware,200,1.0,2026,early_B0007,46,0.49360662965357444,0.0327872594802353,0.4474301477193317,0.456585393413289,0.48939173713085116,0.5551822803118242,0.5772958526852937
degradation_aware,200,1.0,2026,late_B0007,118,0.6348843614335193,0.0584856498880033,0.47389195400631784,0.5059873058841012,0.666048817921988,0.6840024274720166,0.6926974725184626
measurement_oriented,100,0.75,42,training_nominal,100,0.4635534829566019,0.059015772276807946,0.3833322644821987,0.3914922349048535,0.45310100478269144,0.5729423574757846,0.6641272571010476
measurement_oriented,100,0.75,42,early_B0007,50,0.5452712564539505,0.03683188239125142,0.501689277400695,0.5098901371719929,0.5291247441544923,0.6212420998838607,0.6424010606493317
measurement_oriented,100,0.75,42,late_B0007,118,0.6698161332172495,0.04506876215128622,0.5206552024814067,0.5854378949038481,0.6940538312277909,0.7080836315684165,0.710346237225674
measurement_oriented,100,0.75,123,training_nominal,100,0.4692388201166108,0.0566264080104356,0.3914849594272819,0.3943912161395318,0.45821012937120903,0.5744270845371796,0.647618665477432
measurement_oriented,100,0.75,123,early_B0007,50,0.5331993732635582,0.03420138986328898,0.48421154879240624,0.4944376537763665,0.5259409878229235,0.5942642542813155,0.6362617715268132
measurement_oriented,100,0.75,123,late_B0007,118,0.6471770307371331,0.04090369065873351,0.5276730959194242,0.5631860663676252,0.6644558781533887,0.6928656422158495,0.7038859116007957
measurement_oriented,100,0.75,2026,training_nominal,100,0.4589409370390653,0.059391810874172266,0.3778876219278524,0.38777445468050387,0.447295688759386,0.5679321474272808,0.6674968016330792
measurement_oriented,100,0.75,2026,early_B0007,50,0.5215352730869548,0.040774520854570534,0.47733700232141135,0.4814969473341028,0.5046140070265639,0.6028789258528152,0.6712410042519946
measurement_oriented,100,0.75,2026,late_B0007,118,0.6349775516365099,0.048500705051776484,0.4939870955456052,0.5363829435452626,0.6555653216763813,0.6847368364129091,0.696784840623188
measurement_oriented,100,1.0,42,training_nominal,100,0.4649640421713378,0.05743970075250021,0.38457967177569574,0.38862902813923533,0.45739968255564567,0.561194122811987,0.6529183423630199
measurement_oriented,100,1.0,42,early_B0007,50,0.5284415089885355,0.03604718919283634,0.48488330779810074,0.4906585768443721,0.5175207442153058,0.6114630447417229,0.6331872156770428
measurement_oriented,100,1.0,42,late_B0007,118,0.6391782990678447,0.04436137419981206,0.5066040822859315,0.5389202947161938,0.661855282796038,0.6774654117944757,0.6860056713020544
measurement_oriented,100,1.0,123,training_nominal,100,0.4676756395471942,0.05851758384570991,0.381932634138964,0.39625524255843836,0.46117736722755986,0.5695932384619916,0.6666962155840216
measurement_oriented,100,1.0,123,early_B0007,50,0.5325371443674288,0.039645304305055376,0.48371515573995166,0.4921999235056022,0.5222161046975654,0.6154385038468753,0.6524296267114592
measurement_oriented,100,1.0,123,late_B0007,118,0.6508444687985131,0.04634953065281098,0.5109304228604945,0.5553403112495084,0.674500623750549,0.6930244288294505,0.6973863937983374
measurement_oriented,100,1.0,2026,training_nominal,100,0.4613895062743093,0.05869826537970058,0.3753368214402036,0.385919503622522,0.4541671556084955,0.5632285037339158,0.6528988604834193
measurement_oriented,100,1.0,2026,early_B0007,50,0.5243530099030042,0.03394825027454198,0.49182574509704613,0.49261452007559914,0.5132497963607661,0.5974688772050584,0.6421863597631704
measurement_oriented,100,1.0,2026,late_B0007,118,0.6497426537037695,0.053602735962688004,0.5106346035859965,0.5299443697387283,0.6763291182239675,0.691100143247088,0.7027894536666113
measurement_oriented,200,0.75,42,training_nominal,100,0.465833333216937,0.05821410526794137,0.38695743739802,0.3937995044945054,0.45494939292929487,0.5687467905749183,0.6575037265967327
measurement_oriented,200,0.75,42,early_B0007,50,0.5437614508878286,0.03262232777824152,0.5103472808085465,0.5123962227609716,0.5297231965348528,0.6157567623403857,0.6371009212705542
measurement_oriented,200,0.75,42,late_B0007,118,0.6557004224668548,0.04610097308470161,0.5215618397530989,0.5651336266790508,0.6820725919666731,0.6936909489803825,0.6960776355951465
measurement_oriented,200,0.75,123,training_nominal,100,0.4667957001613389,0.055445154802965975,0.3893942489391732,0.3931766217959862,0.45679241668746096,0.5645678563835861,0.6492097730466314
measurement_oriented,200,0.75,123,early_B0007,50,0.5319576208108302,0.03524645729732773,0.4852249826337377,0.4952428816761057,0.5222752170574798,0.5952441846537735,0.6288611546841965
measurement_oriented,200,0.75,123,late_B0007,118,0.6432715154686168,0.04182106411483444,0.5215949978708364,0.5563498506291816,0.6651681162637926,0.6804068146676518,0.6926028715303996
measurement_oriented,200,0.75,2026,training_nominal,100,0.4625180790432971,0.05795648196305039,0.3824336316950496,0.3906617088205307,0.45426057239042344,0.5699084834588697,0.6620891132892802
measurement_oriented,200,0.75,2026,early_B0007,50,0.5416673594745993,0.03741822350609048,0.5047417223285116,0.508445736333983,0.524855091194422,0.62386525481541,0.6650350365678418
measurement_oriented,200,0.75,2026,late_B0007,118,0.6493485635522045,0.04339573565681353,0.5264736295449933,0.5575808993190987,0.6705488208733766,0.6898089396720755,0.7018829791245836
measurement_oriented,200,1.0,42,training_nominal,100,0.4642915371018587,0.058289860423889596,0.38138825256348546,0.3883656840170216,0.4586169567743891,0.5709396505283302,0.6490183231771148
measurement_oriented,200,1.0,42,early_B0007,50,0.5266963307382793,0.038814133665753404,0.487005352182435,0.4885403268802118,0.51346306973773,0.6137842910488992,0.6426798794100348
measurement_oriented,200,1.0,42,late_B0007,118,0.649946634879035,0.05091997744975609,0.5015542801642017,0.5342168729613195,0.6771485850714034,0.6893040781957639,0.697195736008403
measurement_oriented,200,1.0,123,training_nominal,100,0.4667453978602032,0.05679343409584678,0.38569817803549106,0.39418150079215175,0.4623346091382045,0.5739030651476622,0.6545441415790346
measurement_oriented,200,1.0,123,early_B0007,50,0.538711329991823,0.04014314469976654,0.49352787934441184,0.49681070165184843,0.5250319403975187,0.6243503237389098,0.6475059974034639
measurement_oriented,200,1.0,123,late_B0007,118,0.656600402694357,0.04635431192711572,0.523231995619919,0.5606875663670542,0.6840008696923119,0.6979171726600457,0.7024165860772609
measurement_oriented,200,1.0,2026,training_nominal,100,0.46375715164543196,0.057978995268840046,0.3772645034438831,0.38807797353285567,0.45656994765820125,0.5693022134275617,0.6554564762459648
measurement_oriented,200,1.0,2026,early_B0007,50,0.5296100087646791,0.032551288918892876,0.49703571195912505,0.49909474848297397,0.5167559947511615,0.6011719324275361,0.6489969507703359
measurement_oriented,200,1.0,2026,late_B0007,118,0.6480467528585575,0.04780808803866309,0.5165348591871833,0.5463159030325914,0.6725557769207572,0.6879285040509926,0.6968939128889171
